0.0,0.0,1.17,0.36,1.47,0.26,1.28,0.78,0.0,0.0,1.47,0.26,0.0,0.69,0.0,0.0,0.0,0.0,0.0,0.0,0.0,0.0,0.0,0.0,0.0,0.0,0.0,0.0,1.47,0.36,1.47,0.36,0.42,0.13,0.42,0.13,0.0,0.0,1.47,0.26,0.86,0.56,0.0,0.0,0.0,0.0,1.31,0.0,1.31,0.82,0.0,0.0,1.25,1.47,0.0,1.47,0.0,0.0,0.0,0.0,0.0,0.0,0.0,0.0,0.78,1.27,0.0,0.0,0.0,1.04,0.0,0.0,0.0,0.0,0.69,0.36,1.17,0.36,0.0,0.0,0.0,0.0,1.17,0.36,1.42,0.78,0.44,1.47,0.0,0.69,1.25,1.47,0.0,0.0,0.0,0.0,0.0,0.0,0.0,0.0,0.25,1.01,0.0,0.0,1.47,0.0,0.0,0.0,0.0,0.0,0.19,0.95,0.0,0.72,0.0,1.08,0.19,0.95,0.69,1.4,0.44,1.47,0.0,0.0,0.0,1.04,0.0,0.0,0.0,0.0,0.0,0.0,0.0,0.0,0.0,0.0,0.19,1.31,0.19,1.31,0.0,0.29,0.11,0.13,0.0,0.72,1.31,0.0,1.47,1.37,0.86,0.56,1.31,0.0,1.44,1.47,0.0,0.0,0.0,0.0,1.42,0.78,0.0,0.0,0.0,0.0,1.03,1.47,0.0,0.0,0.0,0.0,1.42,0.88,0.75,1.4,1.47,1.31,0.53,1.21,0.0,0.0,0.0,1.11,0.19,0.95,0.69,1.4,1.31,0.82,0.19,0.95,1.25,1.47,1.42,0.78,0.0,0.0,0.0,0.0,0.0,0.0,0.0,0.0,0.0,0.0,0.0,0.0,0.22,0.82,0.25,1.01,0.25,1.01,0.03,0.88,0.0,0.0,1.44,1.47,1.28,0.78,1.17,0.36,0.0,0.0,0.0,0.69,0.0,1.11,0.0,0.0,0.0,0.0,0.0,0.0,0.0,0.0,0.0,0.0,0.0,0.0,0.0,0.0,0.0,0.0,0.0,0.0,1.28,0.39,0.0,0.0,0.0,0.0,0.69,1.4,1.22,1.47,1.47,1.37,1.47,0.26,1.47,1.37,0.0,0.0,0.0,0.0,0.0,0.0,0.0,0.0,0.0,0.0,0.0,0.0,0.0,0.0,0.0,0.0,0.0,0.0,0.0,0.78,1.47,0.36,1.31,1.34,0.0,0.0,0.0,0.0,0.0,1.11,0.19,0.95,0.86,0.56,0.0,0.0,0.0,0.0,0.0,0.0,0.0,0.0,0.0,0.0,0.0,0.0,0.0,0.0,0.0,0.0,0.0,0.0,1.47,0.0,0.0,0.0,0.03,0.65,0.0,0.0,0.0,0.0,0.0,0.0,0.42,1.47,1.47,0.26,0.69,0.36,0.0,0.0,0.0,0.0,0.0,0.0,0.0,0.0,0.0,0.0,0.0,0.0,0.0,0.0,0.0,0.0,0.0,0.0,1.42,1.08,0.0,0.0,0.42,1.27,0.0,0.0,0.0,0.0,0.0,0.0,0.69,0.36,1.31,0.0,1.44,1.47,0.0,0.0,0.0,0.0,0.0,0.0,0.0,0.0,0.0,0.0,0.0,0.0,0.0,0.0,0.0,0.0,0.0,0.0,1.47,0.78,0.0,0.0,0.83,0.2,0.0,0.0
0.0,0.0,1.17,0.36,1.47,0.29,1.22,1.47,0.0,0.0,1.47,0.29,0.0,0.69,0.0,0.0,0.0,0.0,0.0,0.0,0.0,0.0,0.0,0.0,0.0,0.0,0.0,0.0,1.47,0.36,1.42,0.16,0.42,0.13,0.42,0.13,0.0,0.0,1.47,0.29,0.86,0.56,0.0,0.0,0.0,0.0,1.17,0.36,1.42,0.78,0.44,1.47,1.25,1.47,0.08,1.27,0.0,0.0,0.0,0.0,0.0,0.0,0.0,0.0,0.78,1.27,0.0,0.0,0.0,1.04,0.0,0.0,0.0,0.0,0.69,0.36,1.17,0.36,1.31,0.78,0.0,0.0,1.31,0.0,1.31,0.78,0.0,0.0,0.0,0.69,1.25,1.47,0.0,0.0,0.0,0.0,0.0,0.0,0.0,0.0,1.47,0.78,0.0,0.0,1.42,0.16,0.0,0.0,0.0,0.0,0.19,0.95,0.0,0.72,0.0,1.08,0.19,0.95,0.69,1.4,0.44,1.47,0.0,0.0,0.0,1.04,0.0,0.0,0.0,0.0,0.0,0.0,0.0,0.0,0.0,0.0,1.47,0.62,0.19,1.31,0.0,0.29,0.11,0.13,0.0,0.72,1.31,0.0,1.47,1.37,0.86,0.56,1.31,0.0,1.44,1.47,0.0,0.0,0.0,0.0,1.42,0.78,0.0,0.0,0.0,0.0,1.03,1.47,0.0,0.0,0.0,0.0,0.0,0.29,0.97,1.47,1.47,1.31,0.0,0.0,0.0,0.0,0.0,1.11,0.19,0.95,0.69,1.4,1.22,1.47,0.19,0.95,1.25,1.47,0.0,0.69,0.0,0.0,0.0,0.0,0.0,0.0,0.0,0.0,0.0,0.0,0.0,0.0,0.22,0.82,0.25,1.01,0.25,1.01,0.03,0.88,0.0,0.0,1.44,1.47,1.31,0.78,1.17,0.36,1.31,0.78,0.0,0.69,0.0,1.11,0.0,0.0,0.0,0.0,0.0,0.0,0.0,0.0,0.0,0.0,0.0,0.0,0.0,0.0,0.0,0.0,0.0,0.0,1.28,0.39,0.0,0.0,0.0,0.0,0.44,1.47,0.69,0.36,1.47,0.29,0.03,1.47,0.0,0.0,0.0,0.0,0.0,0.0,0.0,0.0,0.0,0.0,0.0,0.0,0.0,0.0,0.0,0.0,0.0,0.0,0.0,0.0,0.0,0.0,0.83,0.2,0.0,0.0,0.0,0.0,0.69,1.4,1.22,1.47,0.0,0.0,0.0,0.0,1.47,1.37,0.0,0.0,0.0,0.0,0.0,0.0,0.0,0.0,0.0,0.0,0.0,0.0,0.0,0.0,0.0,0.0,0.25,1.01,0.0,0.78,1.47,0.0,1.31,1.34,0.0,0.0,1.22,1.47,1.44,1.47,1.31,0.0,1.44,1.47,1.25,1.47,0.0,0.0,0.0,0.0,0.0,0.0,0.0,0.0,0.0,0.0,0.0,0.0,0.0,0.0,0.0,0.0,0.0,0.0,0.75,1.4,1.47,0.36,0.53,1.21,0.0,0.0,0.0,0.0,0.0,1.11,0.19,0.95,0.86,0.56,0.0,0.0,0.0,0.0,0.0,0.0,0.0,0.0,0.0,0.0,0.0,0.0,0.0,0.0,0.0,0.0,0.0,0.0,1.47,0.0,0.0,0.0,0.03,0.65,0.0,0.0,0.0,0.0,0.0,0.0,0.03,1.47,1.44,1.47,1.47,1.37,0.0,0.0,0.0,0.0,0.0,0.0,0.0,0.0,0.0,0.0,0.0,0.0,0.0,0.0,0.0,0.0,0.0,0.0,0.19,1.31,0.0,0.0,1.28,1.4,0.0,0.0,0.0,0.0,0.0,0.0,0.44,1.47,1.47,1.37,1.47,0.29,0.0,0.0,0.0,0.0,0.0,0.0,0.0,0.0,0.0,0.0,0.0,0.0,0.0,0.0,0.0,0.0,0.0,0.0,1.42,0.16,0.0,0.0,0.11,0.13,0.0,0.0
0.0,0.0,1.17,0.36,1.47,0.29,1.44,1.47,1.47,1.37,1.47,0.29,0.0,0.69,0.0,0.0,0.0,0.0,0.0,0.0,0.0,0.0,0.0,0.0,0.0,0.0,0.0,0.0,0.0,0.0,1.47,0.36,0.11,0.13,1.19,0.13,0.0,0.0,1.47,0.29,0.86,0.56,0.69,1.44,0.69,0.36,1.17,0.36,1.42,0.78,0.44,1.47,1.25,1.47,0.08,1.27,0.0,0.0,0.0,1.47,0.0,0.0,0.0,0.0,0.78,1.27,0.0,0.0,0.0,1.04,0.0,0.0,0.0,0.0,0.69,0.36,1.17,0.36,1.31,0.78,0.0,0.0,1.31,0.0,1.31,0.78,0.0,0.0,0.0,0.69,1.25,1.47,0.08,1.27,0.0,0.0,0.0,0.0,0.0,0.0,1.47,0.78,0.0,0.0,1.42,0.16,0.0,0.0,0.0,0.0,0.19,0.95,0.0,0.72,0.0,1.11,0.19,0.95,0.69,1.44,0.0,0.0,0.0,0.0,0.0,1.04,0.0,0.0,0.0,0.0,0.0,0.0,0.0,0.0,0.0,0.0,1.47,0.36,1.42,0.16,1.19,0.13,0.11,0.13,0.0,0.0,0.0,0.72,0.44,1.47,1.47,1.37,0.0,0.0,0.42,1.47,0.0,0.0,0.0,0.0,0.44,1.47,0.0,0.0,0.0,0.0,1.03,1.47,0.0,0.0,0.0,0.0,0.75,1.37,0.0,0.0,0.78,1.27,0.0,0.0,0.0,0.72,1.31,0.78,1.47,1.37,0.86,0.56,1.31,0.0,1.44,1.47,0.0,0.0,0.0,0.0,1.42,0.78,0.0,0.0,0.0,0.0,0.0,0.0,0.0,0.0,0.0,0.0,0.0,0.29,0.97,1.47,1.47,1.31,0.0,0.0,0.0,0.0,0.0,1.11,0.19,0.95,1.22,1.47,0.0,0.0,0.19,0.95,1.25,1.47,0.0,0.69,0.0,0.0,0.0,0.0,0.0,0.0,0.0,0.0,0.0,0.0,0.0,0.0,0.22,0.85,0.25,1.01,0.25,1.01,0.03,0.88,0.0,0.0,1.44,1.47,1.31,0.78,1.17,0.36,1.47,0.29,1.25,1.47,0.0,0.0,0.0,0.0,0.0,0.0,0.0,0.0,0.0,0.0,0.0,0.0,0.0,0.0,0.0,0.0,0.0,0.0,0.75,1.37,1.28,0.39,0.53,1.21,0.0,0.0,0.69,1.44,0.03,1.47,0.44,1.47,1.22,1.47,0.0,0.69,0.0,1.11,0.0,0.0,0.0,0.0,0.0,0.0,0.0,0.0,0.0,0.0,0.0,0.0,0.0,0.0,1.47,0.0,0.0,0.0,0.03,0.65,0.0,0.0,0.0,0.0,1.22,1.47,1.44,1.47,1.31,0.0,1.44,1.47,1.47,1.37,0.0,0.0,0.0,0.0,0.0,0.0,0.0,0.0,0.0,0.0,0.0,0.0,0.0,0.0,0.0,0.0,1.42,1.08,1.28,0.39,0.44,1.27,1.31,1.34,0.0,0.0,0.0,0.0,0.0,1.11,0.19,0.95,0.86,0.56,0.0,0.0,0.0,0.0,0.0,0.0,0.0,0.0,0.0,0.0,0.0,0.0,0.0,0.0,0.0,0.0,0.0,0.0,1.47,0.62,0.0,0.0,0.0,0.29,0.0,0.0,0.0,0.0,0.0,0.0,0.69,0.36,1.47,0.29,0.03,1.47,0.0,0.0,0.0,0.0,0.0,0.0,0.0,0.0,0.0,0.0,0.0,0.0,0.0,0.0,0.0,0.0,0.0,0.0,1.42,0.88,0.0,0.0,0.83,0.2,0.0,0.0
0.0,0.0,1.17,0.36,1.47,0.29,1.22,1.47,0.0,0.0,1.47,0.29,0.0,0.69,0.0,0.0,0.0,0.0,0.0,0.0,0.0,0.0,0.0,0.0,0.0,0.0,0.0,0.0,1.47,0.36,1.42,0.16,0.42,0.13,0.42,0.13,0.0,0.0,1.47,0.29,0.86,0.56,0.0,0.0,0.0,0.0,1.17,0.36,1.42,0.78,0.44,1.47,1.25,1.47,0.08,1.27,0.0,0.0,0.0,0.0,0.0,0.0,0.0,0.0,0.78,1.27,0.0,0.0,0.0,1.04,0.0,0.0,0.0,0.0,0.69,0.36,1.17,0.36,1.31,0.78,0.0,0.0,1.31,0.0,1.31,0.78,0.0,0.0,0.0,0.69,1.25,1.47,0.08,1.27,0.0,0.0,0.0,0.0,0.0,0.0,1.47,0.62,0.0,0.0,1.42,0.16,0.0,0.0,0.0,0.0,0.0,0.72,0.44,1.47,1.47,1.37,0.0,0.0,0.69,1.4,0.44,1.47,0.08,1.27,0.44,1.47,0.0,0.0,0.0,0.0,1.03,1.47,0.0,0.0,0.0,0.0,0.44,1.27,0.19,1.31,0.11,0.13,0.11,0.13,0.0,0.0,0.17,0.95,0.0,0.72,0.0,1.11,0.17,0.95,0.0,0.69,0.0,1.11,0.0,0.0,0.0,1.04,0.0,0.0,0.0,0.0,0.0,0.0,0.0,0.0,0.0,0.0,0.19,1.31,0.0,0.0,0.0,0.33,0.0,0.0,0.0,0.72,1.31,0.78,1.47,1.37,0.86,0.56,1.31,0.0,1.44,1.47,0.0,0.0,0.0,0.0,1.42,0.78,0.0,0.0,0.0,0.0,0.0,0.0,0.0,0.0,0.0,0.0,1.42,0.88,0.75,1.37,1.47,1.31,0.53,1.21,0.0,0.0,0.0,1.11,0.17,0.95,0.69,1.4,0.69,0.36,0.17,0.95,1.25,1.47,0.0,0.69,0.0,0.0,0.0,0.0,0.0,0.0,0.0,0.0,0.0,0.0,0.0,0.0,0.75,1.37,0.25,1.01,0.78,1.27,0.03,0.88,0.0,0.0,1.44,1.47,1.31,0.78,1.17,0.36,1.47,0.29,0.0,0.0,0.0,0.0,0.0,0.0,0.0,0.0,0.0,0.0,0.0,0.0,0.0,0.0,0.0,0.0,0.0,0.0,0.0,0.0,0.0,0.0,1.28,0.39,0.0,0.0,0.0,0.0,0.69,1.4,0.03,1.47,1.44,1.47,1.47,1.37,1.47,1.37,0.0,0.0,0.0,0.0,0.0,0.0,0.0,0.0,0.0,0.0,0.0,0.0,0.0,0.0,0.0,0.0,0.03,1.4,1.28,0.39,1.28,1.4,1.31,1.34,0.0,0.0,1.22,1.47,1.44,1.47,1.31,0.0,1.44,1.47,1.25,1.47,0.0,0.0,0.0,0.0,0.0,0.0,0.0,0.0,0.0,0.0,0.0,0.0,0.0,0.0,0.0,0.0,0.22,0.85,0.0,0.0,0.25,1.01,0.0,0.0,0.0,0.0,0.0,0.0,0.0,1.11,0.17,0.95,0.86,0.56,0.0,0.0,0.0,0.0,0.0,0.0,0.0,0.0,0.0,0.0,0.0,0.0,0.0,0.0,0.0,0.0,0.0,0.0,1.47,0.0,0.0,0.0,0.03,0.65,0.0,0.0,0.0,0.0,0.0,0.0,0.69,0.36,1.47,0.29,0.03,1.47,0.0,0.0,0.0,0.0,0.0,0.0,0.0,0.0,0.0,0.0,0.0,0.0,0.0,0.0,0.0,0.0,0.0,0.0,1.47,0.78,0.0,0.0,0.83,0.2,0.0,0.0
0.0,0.0,1.17,0.36,1.47,0.29,1.22,1.47,0.0,0.0,1.47,0.29,0.0,0.69,0.0,0.0,0.0,0.0,0.0,0.0,0.0,0.0,0.0,0.0,0.0,0.0,0.0,0.0,1.47,0.36,1.42,0.16,0.42,0.13,0.42,0.13,0.0,0.0,1.47,0.29,0.86,0.56,0.0,0.0,0.0,0.0,1.17,0.36,1.42,0.78,0.44,1.47,1.25,1.47,0.08,1.27,0.0,0.0,0.0,0.0,0.0,0.0,0.0,0.0,0.78,1.27,0.0,0.0,0.0,1.04,0.0,0.0,0.0,0.0,0.69,0.36,1.17,0.36,1.31,0.78,0.0,0.0,1.31,0.0,1.31,0.78,0.0,0.0,0.0,0.69,1.25,1.47,0.0,0.0,0.0,0.0,0.0,0.0,0.0,0.0,1.47,0.62,0.0,0.0,1.42,0.16,0.0,0.0,0.0,0.0,0.0,0.72,0.44,1.47,1.47,1.37,0.0,0.0,0.69,1.4,0.44,1.47,0.0,0.0,0.44,1.47,0.0,0.0,0.0,0.0,1.03,1.47,0.0,0.0,0.0,0.0,0.44,1.27,1.47,0.0,0.11,0.13,0.11,0.13,0.0,0.0,0.17,0.95,0.0,0.72,0.0,1.11,0.17,0.95,0.0,0.69,0.0,1.11,0.0,0.0,0.0,1.04,0.0,0.0,0.0,0.0,0.0,0.0,0.0,0.0,0.0,0.0,0.19,1.31,0.0,0.0,0.0,0.33,0.0,0.0,0.0,0.72,1.31,0.78,1.47,1.37,0.86,0.56,1.31,0.0,1.44,1.47,0.0,0.0,0.0,0.0,1.42,0.78,0.0,0.0,0.0,0.0,0.0,0.0,0.0,0.0,0.0,0.0,1.42,0.88,0.75,1.4,1.47,1.31,0.53,1.21,0.0,0.0,0.0,1.11,0.17,0.95,0.69,1.4,0.69,0.36,0.39,1.47,0.0,0.0,0.0,0.0,0.0,0.0,0.0,0.0,0.0,0.0,0.0,0.0,0.0,0.0,0.0,0.0,1.42,0.16,0.0,0.0,0.25,0.49,0.0,0.0,0.0,0.0,1.44,1.47,1.31,0.78,1.17,0.36,1.47,0.29,0.17,0.95,1.25,1.47,0.0,0.69,0.0,0.0,0.0,0.0,0.0,0.0,0.0,0.0,0.0,0.0,0.0,0.0,0.0,0.0,0.25,1.01,1.28,0.39,0.03,0.88,0.0,0.0,0.69,1.4,1.22,1.47,0.0,0.0,0.0,0.0,1.47,1.37,0.0,0.0,0.0,0.0,0.0,0.0,0.0,0.0,0.0,0.0,0.0,0.0,0.0,0.0,0.0,0.0,0.25,1.01,0.0,0.78,1.47,0.0,1.31,1.34,0.0,0.0,1.22,1.47,1.44,1.47,1.31,0.0,1.44,1.47,1.25,1.47,0.0,0.0,0.0,0.0,0.0,0.0,0.0,0.0,0.0,0.0,0.0,0.0,0.0,0.0,0.0,0.0,0.22,0.85,0.0,0.0,0.25,1.01,0.0,0.0,0.0,0.0,0.0,0.0,0.0,1.11,0.17,0.95,0.86,0.56,0.0,0.0,0.0,0.0,0.0,0.0,0.0,0.0,0.0,0.0,0.0,0.0,0.0,0.0,0.0,0.0,0.0,0.0,1.47,0.0,0.0,0.0,0.03,0.65,0.0,0.0,0.0,0.0,0.0,0.0,0.69,0.36,1.47,0.29,0.03,1.47,0.0,0.0,0.0,0.0,0.0,0.0,0.0,0.0,0.0,0.0,0.0,0.0,0.0,0.0,0.0,0.0,0.0,0.0,1.47,0.78,0.0,0.0,0.83,0.2,0.0,0.0,0.0,0.0,0.0,0.0,0.03,1.47,1.44,1.47,1.47,1.37,0.0,0.0,0.0,0.0,0.0,0.0,0.0,0.0,0.0,0.0,0.0,0.0,0.0,0.0,0.0,0.0,0.0,0.0,1.47,1.31,0.0,0.0,1.17,1.44,0.0,0.0
0.0,0.0,1.17,0.36,1.47,0.29,1.22,1.47,0.0,0.0,1.47,0.29,0.0,0.69,0.0,0.0,0.0,0.0,0.0,0.0,0.0,0.0,0.0,0.0,0.0,0.0,0.0,0.0,1.47,0.36,1.42,0.16,0.42,0.13,0.42,0.13,0.0,0.0,1.47,0.29,0.86,0.56,0.0,0.0,0.0,0.0,1.17,0.36,1.42,0.78,0.44,1.47,1.25,1.47,0.08,1.27,0.0,0.0,0.0,1.47,0.0,0.0,0.0,0.0,0.0,0.0,0.0,0.0,1.47,0.62,0.0,0.0,0.0,0.0,0.69,0.36,1.17,0.36,1.31,0.78,0.0,0.0,1.31,0.0,1.31,0.82,0.0,0.0,0.0,0.69,1.25,1.47,0.0,0.0,0.0,0.0,0.0,0.0,0.0,0.0,1.47,0.62,0.0,0.0,1.42,0.16,0.0,0.0,0.0,0.0,0.19,0.95,0.0,0.72,0.0,1.11,0.19,0.95,0.69,1.4,0.44,1.47,0.0,0.0,0.0,1.04,0.0,0.0,0.0,0.0,0.0,0.0,0.0,0.0,0.0,0.0,0.19,1.47,1.47,0.0,0.0,0.33,0.11,0.13,0.0,0.0,0.0,0.72,0.42,1.47,1.47,0.29,0.69,0.36,0.39,1.47,0.0,0.0,0.0,0.0,0.44,1.47,0.0,0.0,0.0,0.0,1.03,1.47,0.0,0.0,0.0,0.0,0.0,0.0,0.0,0.0,1.28,1.4,0.0,0.0,0.0,0.72,1.31,0.78,1.47,1.37,0.86,0.56,1.31,0.0,1.44,1.47,0.0,0.0,0.0,0.0,1.42,0.78,0.0,0.0,0.0,0.0,0.0,0.0,0.0,0.0,0.0,0.0,1.42,0.88,0.75,1.4,1.47,1.31,0.53,1.21,0.0,0.0,0.0,1.11,0.19,0.95,0.69,1.4,1.31,0.82,0.19,0.95,1.25,1.47,0.0,1.04,0.0,0.0,0.0,0.0,0.0,0.0,0.0,0.0,0.0,0.0,0.0,0.0,0.22,0.85,0.25,1.01,0.25,1.01,0.03,0.88,0.0,0.0,1.44,1.47,1.31,0.78,1.17,0.36,1.47,0.29,0.0,0.69,0.0,1.11,0.0,0.0,0.0,0.0,0.0,0.0,0.0,0.0,0.0,0.0,0.0,0.0,0.0,0.0,0.0,0.0,0.0,0.0,1.28,0.39,0.0,0.0,0.0,0.0,0.69,1.4,1.22,1.47,1.44,1.47,1.47,1.37,1.47,1.37,0.0,0.0,0.0,0.0,0.0,0.0,0.0,0.0,0.0,0.0,0.0,0.0,0.0,0.0,0.0,0.0,0.25,1.01,0.0,0.78,1.47,0.0,1.31,1.34,0.0,0.0,1.22,1.47,1.44,1.47,0.0,0.0,0.0,0.0,1.25,1.47,0.0,0.0,0.0,0.0,0.0,0.0,0.0,0.0,0.0,0.0,0.0,0.0,0.0,0.0,0.0,0.0,0.78,1.27,0.0,0.0,0.0,1.04,0.0,0.0,0.0,0.0,0.0,0.0,0.0,1.11,0.19,0.95,0.86,0.56,0.0,0.0,0.0,0.0,0.0,0.0,0.0,0.0,0.0,0.0,0.0,0.0,0.0,0.0,0.0,0.0,0.0,0.0,1.47,0.0,0.0,0.0,0.03,0.65,0.0,0.0,0.0,0.0,0.0,0.0,0.69,0.36,1.31,0.0,1.44,1.47,0.0,0.0,0.0,0.0,0.0,0.0,0.0,0.0,0.0,0.0,0.0,0.0,0.0,0.0,0.0,0.0,0.0,0.0,1.47,0.78,0.0,0.0,0.83,0.2,0.0,0.0
0.0,0.0,1.17,0.36,1.47,0.29,1.22,1.47,0.0,0.0,1.47,0.29,0.0,0.69,0.0,0.0,1.42,0.78,0.0,0.0,0.0,0.0,0.0,0.0,0.0,0.0,0.0,0.0,1.47,0.36,1.47,0.36,0.42,0.13,0.42,0.13,0.0,0.0,1.47,0.29,0.86,0.56,0.0,0.0,0.0,0.0,0.69,0.36,0.86,0.56,0.0,0.0,0.0,0.0,0.0,0.0,0.0,0.0,0.0,0.0,0.0,0.0,0.0,0.0,0.22,0.85,0.0,0.0,0.25,1.01,0.0,0.0,0.0,0.0,0.69,0.36,1.17,0.36,1.31,0.78,0.0,0.0,1.28,0.0,1.31,0.78,0.0,1.04,0.0,0.69,1.25,1.47,0.0,0.0,0.0,0.0,0.0,0.0,0.0,0.0,1.47,0.62,0.0,0.0,1.42,0.16,0.0,0.0,0.0,0.0,0.19,0.95,0.0,0.72,0.0,1.11,0.19,0.95,0.69,1.4,0.44,1.47,0.0,0.0,0.0,1.04,0.0,0.0,0.0,0.0,0.0,0.0,0.0,0.0,0.0,0.0,1.42,0.16,1.42,0.16,0.0,0.33,0.11,0.13,0.0,0.0,0.0,0.72,0.44,1.47,1.44,1.47,1.47,1.37,0.42,1.47,0.0,0.0,0.0,0.0,0.44,1.47,0.0,0.0,0.0,0.0,1.03,1.47,0.0,0.0,0.0,0.0,0.03,1.4,0.0,0.0,0.78,1.27,0.0,0.0,0.0,0.72,1.28,0.0,1.47,1.37,0.69,1.4,1.44,1.47,0.19,0.95,1.42,0.78,0.44,1.47,1.25,1.47,0.0,0.0,0.0,0.0,0.0,1.47,0.0,0.0,0.0,0.0,0.0,0.33,0.25,1.01,1.47,1.31,0.03,0.88,0.0,0.0,1.31,0.78,1.28,0.0,0.86,0.56,1.28,0.0,1.44,1.47,0.0,0.0,0.0,0.0,0.0,0.0,0.0,0.0,0.0,0.0,0.0,0.0,0.0,0.0,0.0,0.0,0.0,0.0,0.75,1.4,0.75,1.4,0.53,1.21,0.0,0.0,0.44,1.47,0.69,0.36,1.47,0.29,0.69,0.36,0.0,0.0,0.0,0.0,0.0,0.0,0.0,0.0,0.0,0.0,0.0,0.0,0.0,0.0,0.0,0.0,0.0,0.0,1.47,0.78,0.0,0.0,0.83,0.2,0.0,0.0,0.0,0.0,1.44,1.47,1.31,0.78,1.17,0.36,1.47,0.29,0.0,0.69,0.0,1.11,0.0,0.0,0.0,0.0,0.0,0.0,0.0,0.0,0.0,0.0,0.0,0.0,0.0,0.0,0.0,0.0,0.0,0.0,1.28,0.39,0.0,0.0,0.0,0.0,0.69,1.4,1.22,1.47,1.28,0.0,1.31,0.78,1.47,1.37,0.0,0.0,0.0,0.0,0.0,0.0,0.0,0.0,0.0,0.0,0.0,0.0,0.0,0.0,0.0,0.0,0.25,1.01,0.0,0.78,1.47,0.0,1.31,1.34,0.0,0.0,1.22,1.47,1.44,1.47,0.0,0.0,0.0,0.0,1.25,1.47,0.0,0.0,0.0,0.0,0.0,0.0,0.0,0.0,0.0,0.0,0.0,0.0,0.0,0.0,0.0,0.0,0.78,1.27,0.0,0.0,0.0,1.04,0.0,0.0,0.0,0.0,0.0,0.0,0.0,1.11,0.19,0.95,0.86,0.56,0.0,0.0,0.0,0.0,0.0,0.0,0.0,0.0,0.0,0.0,0.0,0.0,0.0,0.0,0.0,0.0,0.0,0.0,1.47,0.0,0.0,0.0,0.03,0.65,0.0,0.0
0.0,0.0,1.17,0.36,1.47,0.29,1.31,0.82,0.0,0.0,1.47,0.29,0.0,0.69,0.0,0.0,1.42,0.78,0.0,0.0,0.0,0.0,0.0,0.0,0.0,0.0,0.0,0.0,1.47,0.62,1.47,0.36,0.42,0.13,1.19,0.13,0.0,0.0,1.47,0.29,0.86,0.56,0.0,0.0,0.0,0.0,0.69,0.36,0.86,0.56,0.0,1.04,0.0,1.47,0.0,0.0,0.0,0.0,0.0,0.0,0.0,0.0,0.0,0.0,0.0,0.0,0.0,0.0,1.47,0.62,0.0,0.0,0.0,0.0,0.69,0.36,1.17,0.36,0.0,0.0,0.0,0.0,1.28,0.0,1.31,0.82,0.0,1.47,0.0,0.69,1.25,1.47,0.0,0.0,0.0,0.0,0.0,0.0,0.0,0.0,1.47,0.78,0.0,0.0,1.42,0.16,0.0,0.0,0.0,0.0,0.19,0.95,0.0,0.72,0.0,1.11,0.19,0.95,0.69,1.4,0.44,1.47,0.0,0.0,0.0,1.04,0.0,0.0,0.0,0.0,0.0,0.0,0.0,0.0,0.0,0.0,1.47,0.36,1.42,0.16,1.19,0.13,0.11,0.13,0.0,0.0,0.0,0.72,0.44,1.47,1.44,1.47,1.47,1.37,0.42,1.47,0.0,0.0,0.0,0.0,0.44,1.47,0.0,0.0,0.0,0.0,1.03,1.47,0.0,0.0,0.0,0.0,0.0,0.0,0.0,0.0,0.11,0.13,0.0,0.0,0.0,0.72,1.28,0.0,1.47,1.37,0.69,1.4,1.44,1.47,1.17,0.36,1.42,0.78,0.44,1.47,1.25,1.47,0.08,1.27,0.0,0.0,0.0,1.47,0.0,0.0,0.0,0.0,0.0,0.33,0.0,1.04,1.47,1.31,0.42,0.13,0.0,0.0,1.47,1.37,0.69,1.4,1.22,1.47,0.0,0.0,0.0,0.0,0.0,0.0,0.0,0.0,0.0,0.0,0.0,0.0,0.0,0.0,0.0,0.0,0.0,0.0,0.0,0.0,0.78,1.27,0.0,0.0,0.0,1.04,0.0,0.0,0.0,0.0,1.31,0.82,1.28,0.0,0.86,0.56,1.28,0.0,1.44,1.47,0.0,0.0,0.0,0.0,0.0,0.0,0.0,0.0,0.0,0.0,0.0,0.0,0.0,0.0,0.0,0.0,0.42,1.27,0.75,1.4,0.75,1.37,0.53,1.21,0.0,0.0,0.44,1.47,0.69,0.36,1.47,0.29,0.69,0.36,0.0,0.0,0.0,0.0,0.0,0.0,0.0,0.0,0.0,0.0,0.0,0.0,0.0,0.0,0.0,0.0,0.0,0.0,0.0,0.0,0.0,0.0,0.83,0.2,0.0,0.0,0.0,0.0,1.44,1.47,1.31,0.82,1.17,0.36,1.47,0.29,0.0,0.69,0.0,1.11,0.0,0.0,0.0,0.0,0.0,0.0,0.0,0.0,0.0,0.0,0.0,0.0,0.0,0.0,0.0,0.0,0.0,0.0,1.28,0.39,0.0,0.0,0.0,0.0,0.69,1.4,1.22,1.47,1.28,0.0,1.31,0.82,1.47,1.37,0.0,0.0,0.0,0.0,0.0,0.0,0.0,0.0,0.0,0.0,0.0,0.0,0.0,0.0,0.0,0.0,0.25,1.01,1.28,0.39,1.47,0.0,1.31,1.34,0.0,0.0,1.22,1.47,1.44,1.47,0.0,0.0,0.0,0.0,1.25,1.47,0.0,0.0,0.0,0.0,0.0,0.0,0.0,0.0,0.0,0.0,0.0,0.0,0.0,0.0,0.0,0.0,0.22,0.85,0.0,0.0,0.25,1.01,0.0,0.0,0.0,0.0,0.0,0.0,0.0,1.11,0.19,0.95,0.86,0.56,0.0,0.0,0.0,0.0,0.0,0.0,0.0,0.0,0.0,0.0,0.0,0.0,0.0,0.0,0.0,0.0,0.0,0.0,1.42,0.16,0.0,0.0,0.0,0.33,0.0,0.0
0.0,0.0,1.17,0.36,1.47,0.29,1.31,0.82,0.0,0.0,1.47,0.29,0.0,0.69,0.0,0.0,1.42,0.78,0.0,0.0,0.0,0.0,0.0,0.0,0.0,0.0,0.0,0.0,1.47,0.62,1.47,0.36,0.42,0.13,1.19,0.13,0.0,0.0,1.47,0.29,0.86,0.56,0.0,0.0,0.0,0.0,0.69,0.36,0.86,0.56,0.0,1.04,0.0,1.47,0.0,0.0,0.0,0.0,0.0,0.0,0.0,0.0,0.0,0.0,0.0,0.0,0.0,0.0,1.28,0.39,0.0,0.0,0.0,0.0,0.69,0.36,1.17,0.36,0.0,0.0,0.0,0.0,1.28,0.0,1.31,0.82,0.0,1.47,0.0,0.69,1.25,1.47,0.0,0.0,0.0,0.0,0.0,0.0,0.0,0.0,0.0,0.0,0.0,0.0,0.83,0.2,0.0,0.0,0.0,0.0,0.19,0.95,0.0,0.72,0.0,1.11,0.19,0.95,0.69,1.4,0.44,1.47,0.0,0.0,0.0,1.04,0.0,0.0,0.0,0.0,0.0,0.0,0.0,0.0,0.0,0.0,1.47,0.36,1.42,0.16,1.19,0.13,0.11,0.13,0.0,0.0,0.0,0.72,0.44,1.47,1.44,1.47,0.0,0.0,0.42,1.47,0.0,0.0,0.0,0.0,0.44,1.47,0.0,0.0,0.0,0.0,1.03,1.47,0.0,0.0,0.0,0.0,0.0,0.0,0.0,0.0,0.11,0.13,0.0,0.0,0.0,0.72,1.28,0.0,1.31,0.82,1.17,0.36,1.47,0.29,1.17,0.36,1.42,0.78,0.44,1.47,1.25,1.47,0.08,1.27,0.0,0.0,0.0,1.47,0.0,0.0,0.0,0.0,1.47,0.78,0.0,1.04,1.42,0.16,0.42,0.13,0.0,0.0,1.31,0.82,1.28,0.0,0.86,0.56,1.28,0.0,1.44,1.47,0.0,0.0,0.0,0.0,0.0,0.0,0.0,0.0,0.0,0.0,0.0,0.0,0.0,0.0,0.0,0.0,0.44,1.27,1.28,0.39,0.75,1.37,1.31,1.34,0.0,0.0,0.44,1.47,0.69,0.36,1.47,0.29,0.69,0.36,0.0,0.0,0.0,0.0,0.0,0.0,0.0,0.0,0.0,0.0,0.0,0.0,0.0,0.0,0.0,0.0,0.0,0.0,0.0,0.0,0.0,0.0,1.47,0.36,0.0,0.0,0.0,0.0,0.0,1.47,0.69,1.4,0.0,0.0,0.0,0.0,0.0,0.0,0.0,0.0,0.0,0.0,0.08,1.27,0.0,0.0,0.0,0.0,0.0,0.0,0.0,0.0,0.0,0.0,0.78,1.27,0.0,0.0,0.0,1.04,0.0,0.0,0.0,0.0,0.69,1.4,1.22,1.47,1.28,0.0,1.31,0.82,0.0,0.0,0.0,0.0,0.0,0.0,0.0,0.0,0.0,0.0,0.0,0.0,0.0,0.0,0.0,0.0,0.0,0.0,0.25,1.01,0.0,0.0,1.47,0.0,0.0,0.0,0.0,0.0,1.22,1.47,1.44,1.47,0.0,0.0,0.0,0.0,1.25,1.47,0.0,0.0,0.0,0.0,0.0,0.0,0.0,0.0,0.0,0.0,0.0,0.0,0.0,0.0,0.0,0.0,0.22,0.85,0.75,1.37,0.25,1.01,0.53,1.21,0.0,0.0,0.0,0.0,0.0,1.11,0.19,0.95,0.86,0.56,0.0,0.0,0.0,0.0,0.0,0.0,0.0,0.0,0.0,0.0,0.0,0.0,0.0,0.0,0.0,0.0,0.0,0.0,1.42,0.16,0.0,0.0,0.0,0.33,0.0,0.0
0.0,0.0,1.17,0.36,1.47,0.29,1.22,1.47,0.0,0.0,1.47,0.29,0.0,0.69,0.0,0.0,0.0,0.0,0.0,0.0,0.0,0.0,0.0,0.0,0.0,0.0,0.0,0.0,1.47,0.36,1.47,0.36,0.42,0.13,0.42,0.13,0.0,0.0,1.47,0.29,0.86,0.56,0.0,0.0,0.0,0.0,0.69,0.36,0.86,0.56,0.0,1.04,1.25,1.47,0.08,1.27,0.0,0.0,0.0,0.0,0.0,0.0,0.0,0.0,1.42,0.88,0.0,0.0,1.22,0.62,0.0,0.0,0.0,0.0,0.69,0.36,1.17,0.36,1.31,0.78,0.0,0.0,1.28,0.0,1.31,0.78,0.0,0.0,0.0,0.69,1.25,1.47,0.0,0.0,0.0,0.0,0.0,0.0,0.0,0.0,1.47,0.78,0.0,0.0,0.83,0.2,0.0,0.0,0.0,0.0,0.0,0.72,0.44,1.47,1.44,1.47,1.47,1.37,0.69,1.4,0.44,1.47,0.08,1.27,0.44,1.47,0.0,0.0,0.0,0.0,1.03,1.47,0.0,0.0,0.0,0.0,0.75,1.37,1.42,0.16,0.78,1.27,0.11,0.13,0.0,0.0,0.17,0.95,0.0,0.72,0.0,1.11,0.17,0.95,0.0,0.69,0.0,1.11,0.0,0.0,0.0,1.04,0.0,0.0,0.0,0.0,0.0,0.0,0.0,0.0,0.0,0.0,1.42,0.16,0.0,0.0,0.0,0.33,0.0,0.0,0.0,0.72,1.28,0.0,1.47,1.37,0.69,1.4,1.44,1.47,1.17,0.36,1.42,0.82,0.44,1.47,1.42,0.82,0.0,0.0,0.0,0.0,0.0,1.47,0.0,0.0,0.0,0.0,0.0,0.33,0.97,1.47,1.47,1.31,0.0,0.0,0.0,0.0,1.31,0.78,1.28,0.0,0.86,0.56,1.28,0.0,1.44,1.47,0.0,0.0,0.0,0.0,0.0,0.0,0.0,0.0,0.0,0.0,0.0,0.0,0.0,0.0,0.0,0.0,0.44,1.27,0.75,1.37,0.11,0.13,0.53,1.21,0.0,0.0,1.44,1.47,1.31,0.78,1.17,0.36,1.47,0.29,0.17,0.95,1.25,1.47,0.0,0.69,0.0,0.0,0.0,0.0,0.0,0.0,0.0,0.0,0.0,0.0,0.0,0.0,0.0,0.0,0.25,1.01,1.28,0.39,0.03,0.88,0.0,0.0,0.44,1.47,0.69,0.36,1.47,0.29,0.69,0.36,0.0,0.0,0.0,0.0,0.0,0.0,0.0,0.0,0.0,0.0,0.0,0.0,0.0,0.0,0.0,0.0,0.0,0.0,0.0,0.0,0.0,0.0,1.47,0.36,0.0,0.0,0.0,0.0,0.69,1.4,1.22,1.47,1.28,0.0,1.31,0.78,1.47,1.37,0.0,0.0,0.0,0.0,0.0,0.0,0.0,0.0,0.0,0.0,0.0,0.0,0.0,0.0,0.0,0.0,0.25,1.01,1.28,0.39,1.47,0.0,1.31,1.34,0.0,0.0,1.22,1.47,1.44,1.47,0.0,0.0,0.0,0.0,1.25,1.47,0.0,0.0,0.0,0.0,0.0,0.0,0.0,0.0,0.0,0.0,0.0,0.0,0.0,0.0,0.0,0.0,0.22,0.85,0.0,0.0,0.25,1.01,0.0,0.0,0.0,0.0,0.0,0.0,0.0,1.11,0.17,0.95,0.86,0.56,0.0,0.0,0.0,0.0,0.0,0.0,0.0,0.0,0.0,0.0,0.0,0.0,0.0,0.0,0.0,0.0,0.0,0.0,1.47,0.0,0.0,0.0,0.03,0.65,0.0,0.0
0.0,0.0,1.17,0.36,1.47,0.29,1.31,0.82,0.0,0.0,1.47,0.29,0.0,0.69,0.0,0.0,1.42,0.78,0.0,0.0,0.0,0.0,0.0,0.0,0.0,0.0,0.0,0.0,1.47,0.36,1.47,0.36,0.39,0.13,0.39,0.13,0.0,0.0,1.47,0.29,0.86,0.56,0.44,1.47,0.69,1.4,0.69,0.36,0.86,0.56,0.0,1.04,0.0,0.0,0.0,0.0,0.0,0.0,0.0,0.0,0.0,0.0,0.0,0.0,0.0,0.0,0.0,0.0,1.28,0.39,0.0,0.0,0.0,0.0,0.69,0.36,1.17,0.36,0.0,0.0,0.0,0.0,1.28,0.0,1.31,0.82,0.0,1.47,0.0,0.69,1.25,1.47,0.0,0.0,0.0,0.0,0.0,0.0,0.0,0.0,1.47,0.78,0.0,0.0,0.83,0.2,0.0,0.0,0.0,0.0,0.0,0.72,0.44,1.47,1.44,1.47,1.47,1.37,0.69,1.4,0.44,1.47,0.0,0.0,0.44,1.47,0.0,1.04,0.0,0.0,1.03,1.47,0.0,0.0,0.0,0.0,0.03,1.4,1.42,0.16,0.78,1.27,0.11,0.13,0.0,0.0,0.17,0.95,0.0,0.72,0.0,1.11,0.17,0.95,0.0,0.69,0.0,1.11,0.0,0.0,0.0,1.04,0.0,0.0,0.0,0.0,0.0,0.0,0.0,0.0,0.0,0.0,1.42,0.16,0.0,0.0,0.0,0.33,0.0,0.0,0.0,0.0,1.47,1.37,0.69,1.4,1.22,1.47,0.0,0.0,0.0,0.0,0.0,0.0,0.0,0.0,0.0,0.0,0.0,0.0,0.0,0.0,0.0,0.0,0.0,0.0,0.0,0.0,1.42,1.08,0.0,0.0,0.44,1.27,0.0,0.0,0.0,0.72,1.28,0.0,1.47,1.37,0.69,1.4,1.44,1.47,1.17,0.36,1.42,0.78,0.44,1.47,1.25,1.47,0.08,1.27,0.0,0.0,0.0,1.47,0.0,0.0,0.0,0.0,0.0,0.33,0.97,1.47,1.47,1.31,0.0,0.0,0.0,0.0,1.31,0.82,1.28,0.0,0.86,0.56,1.28,0.0,1.44,1.47,0.0,0.0,0.0,0.0,0.0,0.0,0.0,0.0,0.0,0.0,0.0,0.0,0.0,0.0,0.0,0.0,1.28,0.39,0.75,1.4,0.25,0.49,0.53,1.21,0.0,0.0,0.44,1.47,0.69,0.36,1.47,0.29,0.69,0.36,0.86,0.56,0.0,0.0,0.0,0.0,0.0,0.0,0.0,0.0,0.0,0.0,0.0,0.0,0.0,0.0,0.0,0.0,0.25,1.04,0.25,0.49,1.47,0.0,0.83,0.2,0.0,0.0,1.44,1.47,1.31,0.82,1.17,0.36,1.47,0.29,0.17,0.95,1.25,1.47,0.0,0.69,0.0,0.0,0.0,0.0,0.0,0.0,0.0,0.0,0.0,0.0,0.0,0.0,1.47,0.62,0.25,1.04,1.42,0.16,0.03,0.88,0.0,0.0,0.69,1.4,1.22,1.47,1.28,0.0,1.31,0.82,1.47,1.37,0.0,0.0,0.0,0.0,0.0,0.0,0.0,0.0,0.0,0.0,0.0,0.0,0.0,0.0,0.0,0.0,0.0,0.0,1.28,0.39,1.47,0.36,1.31,1.34,0.0,0.0,1.22,1.47,1.44,1.47,0.0,0.0,0.0,0.0,1.25,1.47,0.0,0.0,0.0,0.0,0.0,0.0,0.0,0.0,0.0,0.0,0.0,0.0,0.0,0.0,0.0,0.0,0.78,1.27,0.0,0.0,0.0,1.04,0.0,0.0,0.0,0.0,0.0,0.0,0.0,1.11,0.17,0.95,0.86,0.56,0.0,0.0,0.0,0.0,0.0,0.0,0.0,0.0,0.0,0.0,0.0,0.0,0.0,0.0,0.0,0.0,0.0,0.0,1.47,0.0,0.0,0.0,0.03,0.65,0.0,0.0
0.0,0.0,1.17,0.36,1.47,0.29,1.22,1.47,0.0,0.0,1.47,0.29,0.0,0.69,0.0,0.0,1.42,0.78,0.0,0.0,0.0,0.0,0.0,0.0,0.0,0.0,0.0,0.0,1.47,0.36,1.47,0.36,0.39,0.13,0.39,0.13,0.0,0.0,1.47,0.29,0.86,0.56,0.0,0.0,0.0,0.0,0.69,0.36,0.86,0.56,0.0,1.04,0.0,0.0,0.0,0.0,0.0,0.0,0.0,0.0,0.0,0.0,0.0,0.0,0.0,0.0,0.0,0.0,1.28,0.39,0.0,0.0,0.0,0.0,0.69,0.36,1.17,0.36,0.0,0.0,0.0,0.0,1.28,0.0,1.31,0.82,0.0,0.0,0.0,0.69,1.25,1.47,0.0,1.47,0.0,0.0,0.0,0.0,0.0,0.0,1.47,0.78,0.0,0.0,0.83,0.2,0.0,0.0,0.0,0.0,0.0,0.72,0.42,1.47,1.47,0.29,0.69,0.36,0.69,1.4,0.44,1.47,0.0,0.0,0.44,1.47,0.0,1.04,0.0,0.0,1.06,1.47,0.0,0.0,0.0,0.0,1.42,1.08,1.42,0.16,0.42,1.27,0.11,0.13,0.0,0.0,0.17,0.95,0.0,0.72,0.0,1.11,0.17,0.95,0.0,0.69,0.0,1.11,0.0,0.0,0.0,1.04,0.0,0.0,0.0,0.0,0.0,0.0,0.0,0.0,0.0,0.0,0.03,0.65,0.0,0.0,0.0,0.33,0.0,0.0,0.0,0.0,1.47,1.37,0.69,1.4,1.44,1.47,1.47,1.37,0.0,0.0,0.0,0.0,0.0,0.0,0.0,0.0,0.0,0.0,0.0,0.0,0.0,0.0,0.0,0.0,0.0,0.0,0.0,0.0,0.0,0.0,0.03,1.4,0.0,0.0,0.0,0.72,1.28,0.0,1.47,1.37,0.69,1.4,1.44,1.47,0.39,1.47,1.42,0.78,0.44,1.47,1.25,1.47,0.0,0.0,0.0,0.0,0.0,1.47,0.0,0.0,0.0,0.0,1.42,0.88,0.75,1.4,1.47,1.31,0.53,1.21,0.0,0.0,1.44,1.47,1.28,0.0,0.86,0.56,1.28,0.0,0.17,0.95,1.25,1.47,0.0,0.69,0.0,0.0,0.0,0.0,0.0,0.0,0.0,0.0,0.0,0.0,0.0,0.0,1.42,0.16,0.25,1.04,0.25,0.52,0.03,0.88,0.0,0.0,0.69,1.4,1.22,1.47,1.28,0.0,1.31,0.82,1.47,1.37,0.0,0.0,0.0,0.0,0.0,0.0,0.0,0.0,0.0,0.0,0.0,0.0,0.0,0.0,0.0,0.0,0.0,0.0,0.0,0.78,1.47,0.36,1.31,1.34,0.0,0.0,1.22,1.47,1.44,1.47,0.0,0.0,0.0,0.0,1.25,1.47,0.0,0.0,0.0,0.0,0.0,0.0,0.0,0.0,0.0,0.0,0.0,0.0,0.0,0.0,0.0,0.0,0.78,1.27,0.0,0.0,0.0,1.04,0.0,0.0,0.0,0.0,0.0,0.0,1.31,0.82,1.17,0.36,1.47,0.29,0.0,0.0,0.0,0.0,0.0,0.0,0.0,0.0,0.0,0.0,0.0,0.0,0.0,0.0,0.0,0.0,0.0,0.0,1.47,0.62,0.0,0.0,1.42,0.16,0.0,0.0,0.0,0.0,0.0,0.0,0.0,1.11,0.17,0.95,0.86,0.56,0.0,0.0,0.0,0.0,0.0,0.0,0.0,0.0,0.0,0.0,0.0,0.0,0.0,0.0,0.0,0.0,0.0,0.0,1.47,0.0,0.0,0.0,0.03,0.65,0.0,0.0
0.0,0.0,1.17,0.36,1.47,0.29,1.22,1.47,0.0,0.0,1.47,0.29,0.0,0.69,0.0,0.0,1.42,0.78,0.0,0.0,0.0,0.0,0.0,0.0,0.0,0.0,0.0,0.0,1.47,0.36,1.47,0.36,0.39,0.13,0.39,0.13,0.0,0.0,1.47,0.29,0.86,0.56,0.0,0.0,0.0,0.0,0.69,0.36,0.86,0.56,0.0,1.04,0.0,0.0,0.0,0.0,0.0,0.0,0.0,0.0,0.0,0.0,0.0,0.0,0.0,0.0,0.0,0.0,1.28,0.39,0.0,0.0,0.0,0.0,0.69,0.36,1.17,0.36,0.0,0.0,0.0,0.0,1.28,0.0,1.31,0.82,0.0,0.0,0.0,0.69,1.25,1.47,0.0,1.47,0.0,0.0,0.0,0.0,0.0,0.0,1.47,0.78,0.0,0.0,0.83,0.2,0.0,0.0,0.0,0.0,0.0,0.72,0.42,1.47,1.47,0.29,0.69,0.36,0.69,1.4,0.44,1.47,0.0,0.0,0.44,1.47,0.0,0.0,0.0,0.0,1.03,1.47,0.0,0.0,0.0,0.0,1.42,1.08,1.42,0.16,0.42,1.27,0.11,0.13,0.0,0.0,0.17,0.95,0.0,0.72,0.0,1.11,0.17,0.95,0.0,0.69,0.0,1.11,0.0,0.0,0.0,1.04,0.0,0.0,0.0,0.0,0.0,0.0,0.0,0.0,0.0,0.0,0.03,0.65,0.0,0.0,0.0,0.33,0.0,0.0,0.0,0.72,1.28,0.0,1.47,1.37,0.69,1.4,1.31,0.82,1.17,0.36,1.42,0.78,0.44,1.47,1.25,1.47,0.0,0.0,0.0,0.0,0.0,1.47,0.0,0.0,0.0,0.0,1.42,0.88,0.97,1.47,1.47,1.31,0.0,0.0,0.0,0.0,1.47,1.37,0.69,1.4,1.44,1.47,1.47,1.37,0.0,0.0,0.0,0.0,0.0,0.0,0.0,0.0,0.0,0.0,0.0,0.0,0.0,0.0,0.0,0.0,0.0,0.0,0.0,0.0,0.0,0.0,0.03,1.4,0.0,0.0,0.0,0.0,1.44,1.47,1.28,0.0,0.86,0.56,1.28,0.0,0.17,0.95,1.25,1.47,0.0,0.69,0.0,0.0,0.0,0.0,0.0,0.0,0.0,0.0,0.0,0.0,0.0,0.0,1.42,0.16,0.25,1.04,0.25,0.52,0.03,0.88,0.0,0.0,0.69,1.4,1.22,1.47,1.28,0.0,1.44,1.47,1.47,1.37,0.0,0.0,0.0,0.0,0.0,0.0,0.0,0.0,0.0,0.0,0.0,0.0,0.0,0.0,0.0,0.0,0.0,0.0,0.0,0.78,1.47,0.36,1.31,1.34,0.0,0.0,1.22,1.47,1.44,1.47,0.0,0.0,0.0,0.0,1.25,1.47,0.0,0.0,0.0,0.0,0.0,0.0,0.0,0.0,0.0,0.0,0.0,0.0,0.0,0.0,0.0,0.0,0.78,1.27,0.0,0.0,0.0,1.04,0.0,0.0,0.0,0.0,0.0,0.0,1.31,0.82,1.17,0.36,1.47,0.29,0.0,0.0,0.0,0.0,0.0,0.0,0.0,0.0,0.0,0.0,0.0,0.0,0.0,0.0,0.0,0.0,0.0,0.0,1.47,0.62,0.0,0.0,1.42,0.16,0.0,0.0,0.0,0.0,0.0,0.0,0.0,1.11,0.17,0.95,0.86,0.56,0.0,0.0,0.0,0.0,0.0,0.0,0.0,0.0,0.0,0.0,0.0,0.0,0.0,0.0,0.0,0.0,0.0,0.0,1.47,0.0,0.0,0.0,0.03,0.65,0.0,0.0
0.0,0.0,1.17,0.36,1.47,0.29,1.22,1.47,0.0,0.0,1.47,0.29,0.0,0.69,0.0,0.0,1.42,0.78,0.0,0.0,0.0,0.0,0.0,0.0,0.0,0.0,0.0,0.0,1.47,0.36,1.47,0.36,0.42,0.13,0.42,0.13,0.0,0.0,1.47,0.29,0.86,0.56,0.0,0.0,0.0,0.0,0.69,0.36,0.86,0.56,0.0,0.0,0.0,1.47,1.42,0.78,0.0,1.47,0.0,0.0,0.0,0.0,0.0,0.0,0.0,0.0,0.0,0.0,1.28,0.39,0.0,0.0,0.0,0.0,0.69,0.36,1.17,0.36,0.0,0.0,0.0,0.0,1.28,0.0,1.31,0.82,0.0,1.04,0.0,0.69,1.25,1.47,0.0,0.0,0.0,0.0,0.0,0.0,0.0,0.0,1.47,0.78,0.0,0.0,0.83,0.2,0.0,0.0,0.0,0.0,0.0,0.72,0.42,1.47,1.47,0.29,0.69,0.36,0.69,1.4,0.44,1.47,0.0,0.0,0.44,1.47,0.0,0.0,0.0,0.0,1.03,1.47,0.0,0.0,0.0,0.0,1.47,1.31,1.42,0.16,1.17,1.44,0.11,0.13,0.0,0.0,0.17,0.95,0.0,0.72,0.0,1.11,0.17,0.95,0.0,0.69,0.0,1.11,0.0,0.0,0.0,1.04,0.0,0.0,0.0,0.0,0.0,0.0,0.0,0.0,0.0,0.0,0.19,1.47,0.0,0.0,0.0,0.33,0.0,0.0,0.0,0.72,1.28,0.0,1.31,0.82,1.17,0.36,1.47,0.29,1.17,0.36,1.42,0.78,0.44,1.47,1.25,1.47,0.0,0.0,0.0,0.0,0.0,1.47,0.0,0.0,0.0,0.0,1.47,0.62,0.97,1.47,1.42,0.16,0.0,0.0,0.0,0.0,1.44,1.47,1.28,0.0,0.86,0.56,1.28,0.0,0.17,0.95,1.25,1.47,0.0,0.69,0.0,0.0,0.0,0.0,0.0,0.0,0.0,0.0,0.0,0.0,0.0,0.0,1.42,0.16,0.25,1.04,0.25,0.52,0.03,0.88,0.0,0.0,0.42,1.47,0.69,1.4,1.44,1.47,0.0,0.0,1.31,0.82,0.0,0.0,0.0,0.0,0.0,0.0,0.0,0.0,0.0,0.0,0.0,0.0,0.0,0.0,0.0,0.0,0.75,1.4,0.0,0.0,0.42,1.27,0.0,0.0,0.0,0.0,0.69,1.4,1.22,1.47,1.28,0.0,1.44,1.47,0.42,1.47,0.0,0.0,0.0,0.0,0.0,0.0,0.0,0.0,0.0,0.0,0.0,0.0,0.0,0.0,0.0,0.0,0.0,0.0,0.0,0.0,1.47,0.36,0.0,0.0,0.0,0.0,1.22,1.47,1.44,1.47,0.0,0.0,0.0,0.0,1.25,1.47,0.0,0.0,0.0,0.0,0.0,0.0,0.0,0.0,0.0,0.0,0.0,0.0,0.0,0.0,0.0,0.0,0.78,1.27,0.75,1.4,0.0,1.04,0.53,1.24
0.0,0.0,1.17,0.36,1.47,0.29,1.31,0.82,0.0,0.0,1.47,0.29,0.0,0.69,0.0,0.0,1.42,0.78,0.0,0.0,0.0,0.0,0.0,0.0,0.0,0.0,0.0,0.0,1.47,0.36,1.47,0.36,0.42,0.13,0.42,0.13,0.0,0.0,1.47,0.29,0.86,0.56,0.0,0.0,0.0,0.0,0.69,0.36,0.44,1.47,0.0,0.0,0.0,1.47,0.0,0.0,0.0,0.0,0.0,0.0,0.0,0.0,0.0,0.0,0.0,0.0,0.0,0.0,1.28,0.39,0.0,0.0,0.0,0.0,0.69,0.36,1.17,0.36,0.0,0.0,0.0,0.0,1.28,0.0,1.31,0.82,0.0,0.0,0.0,0.69,1.25,1.47,0.0,0.0,0.0,0.0,0.0,0.0,0.0,0.0,1.47,0.78,0.0,0.0,0.83,0.2,0.0,0.0,0.0,0.0,0.19,0.95,0.0,0.72,0.0,1.11,0.19,0.95,1.25,1.47,0.0,0.0,0.0,0.0,0.0,1.04,0.0,0.0,0.0,0.0,0.0,0.0,0.0,0.0,0.0,0.0,0.17,1.47,0.75,1.4,0.0,0.33,0.53,1.21,0.0,0.0,0.0,0.72,0.44,1.47,1.44,1.47,0.0,0.0,0.69,1.44,0.0,0.0,0.0,0.0,0.44,1.47,0.0,0.69,1.03,1.47,1.03,1.47,0.0,0.0,0.0,0.0,0.0,0.0,1.42,0.16,1.28,1.4,0.11,0.16,0.0,0.72,1.28,0.0,1.31,0.82,1.17,0.36,1.47,0.29,0.19,0.95,1.42,0.78,0.44,1.47,1.25,1.47,1.42,0.78,0.0,1.47,0.0,1.47,0.0,0.0,0.0,0.0,1.47,0.62,0.25,1.01,1.42,0.16,0.03,0.88,0.0,0.0,1.44,1.47,1.28,0.0,0.86,0.56,1.28,0.0,0.0,0.69,0.0,1.11,0.0,0.69,0.0,0.0,0.0,0.0,0.0,0.0,0.0,0.0,0.0,0.0,0.0,0.0,1.42,0.16,0.0,0.0,0.25,0.52,0.0,0.0,0.0,0.0,1.31,0.82,0.0,1.47,1.22,1.47,0.0,0.0,1.44,1.47,0.0,0.0,0.0,0.0,0.0,0.0,0.0,0.0,0.0,0.0,0.0,0.0,0.0,0.0,0.0,0.0,0.0,0.0,1.28,0.39,1.47,0.78,1.31,1.34,0.0,0.0,0.0,0.0,1.22,1.47,1.28,0.0,1.44,1.47,0.0,0.0,0.0,0.0,0.0,0.0,0.0,0.0,0.0,0.0,0.0,0.0,0.0,0.0,0.0,0.0,0.0,0.0,0.25,1.01,0.0,0.0,1.47,0.0,0.0,0.0
0.0,0.0,1.17,0.36,1.47,0.29,1.22,1.47,0.0,0.0,1.47,0.29,0.0,0.69,0.0,0.0,0.0,0.0,0.0,0.0,0.0,0.0,0.0,0.0,0.0,0.0,0.0,0.0,1.47,0.36,1.47,0.36,0.39,0.13,0.39,0.13,0.0,0.0,1.47,0.29,0.86,0.56,0.0,0.0,0.0,0.0,0.69,0.36,0.44,1.47,0.0,0.0,1.25,1.47,0.0,0.0,0.0,0.0,0.0,0.0,0.0,0.0,0.0,0.0,0.22,0.85,0.0,0.0,0.25,1.01,0.0,0.0,0.0,0.0,0.69,0.36,1.17,0.36,1.31,0.78,0.0,0.0,1.28,0.0,1.31,0.78,0.0,1.04,0.0,0.69,1.25,1.47,0.0,0.0,0.0,0.0,0.0,0.0,0.0,0.0,1.42,0.88,0.0,0.0,0.83,0.2,0.0,0.0,0.0,0.0,0.19,0.95,0.0,0.72,0.0,1.11,0.19,0.95,0.0,0.69,0.0,1.11,0.0,0.0,0.0,1.04,0.0,0.0,0.0,0.0,0.0,0.0,0.0,0.0,0.0,0.0,0.75,1.4,0.0,0.0,0.0,0.33,0.0,0.0,0.0,0.0,0.0,0.72,0.44,1.47,1.44,1.47,1.47,1.37,0.69,1.44,0.0,0.0,0.0,0.0,0.44,1.47,0.0,0.69,1.03,1.47,1.03,1.47,0.0,0.0,0.0,0.0,1.47,0.0,1.42,0.16,0.78,1.27,0.11,0.16,0.0,0.72,1.28,0.0,1.47,1.37,0.69,1.44,1.44,1.47,0.19,0.95,1.42,0.82,0.44,1.47,1.42,0.82,0.0,0.0,0.0,0.0,0.0,1.47,0.0,0.0,0.0,0.0,0.0,0.33,0.25,1.01,1.28,0.39,0.03,0.88,0.0,0.0,1.31,0.78,1.28,0.0,0.86,0.56,1.28,0.0,1.44,1.47,0.0,0.0,0.0,0.0,0.0,0.0,0.0,0.0,0.0,0.0,0.0,0.0,0.0,0.0,0.0,0.0,1.42,0.16,0.0,0.0,0.25,0.52,0.0,0.0,0.0,0.0,1.47,1.37,1.22,1.47,1.28,0.0,1.31,0.78,0.0,0.0,0.0,0.0,0.0,0.0,0.0,0.0,0.0,0.0,0.0,0.0,0.0,0.0,0.0,0.0,0.0,0.0,0.0,0.0,0.0,0.0,1.47,0.36,0.0,0.0,0.0,0.0,1.44,1.47,1.31,0.78,1.17,0.36,1.47,0.29,1.25,1.47,0.0,0.0,0.0,0.0,0.0,0.0,0.0,0.0,0.0,0.0,0.0,0.0,0.0,0.0,0.0,0.0,1.47,0.62,0.75,1.4,1.42,0.16,0.53,1.21,0.0,0.0,1.22,1.47,1.44,1.47,0.0,0.0,0.0,0.0,1.47,1.37,0.0,0.0,0.0,0.0,0.0,0.0,0.0,0.0,0.0,0.0,0.0,0.0,0.0,0.0,0.0,0.0,0.78,1.27,1.47,0.0,0.0,1.04,1.31,1.34,0.0,0.0,0.0,0.0,0.69,0.36,1.47,0.29,0.0,1.47,0.0,0.0,0.0,0.0,0.0,0.0,0.0,0.0,0.0,0.0,0.0,0.0,0.0,0.0,0.0,0.0,0.0,0.0,0.25,1.01,0.0,0.0,1.47,0.0,0.0,0.0
0.0,0.0,1.17,0.36,1.47,0.29,1.22,1.47,0.0,0.0,1.47,0.29,0.0,0.69,0.0,0.0,0.0,0.0,0.0,0.0,0.0,0.0,0.0,0.0,0.0,0.0,0.0,0.0,1.47,0.36,1.47,0.36,0.39,0.13,0.39,0.13,0.0,0.0,1.47,0.29,0.86,0.56,0.0,0.0,0.0,0.0,0.69,0.36,0.44,1.47,0.0,0.0,1.25,1.47,0.0,0.0,0.0,0.0,0.0,0.0,0.0,0.0,0.0,0.0,0.22,0.85,0.0,0.0,0.25,1.01,0.0,0.0,0.0,0.0,0.69,0.36,1.17,0.36,1.31,0.78,0.0,0.0,1.28,0.0,1.31,0.78,0.0,1.04,0.0,0.69,1.25,1.47,0.0,0.0,0.0,0.0,0.0,0.0,0.0,0.0,1.42,0.88,0.0,0.0,0.83,0.2,0.0,0.0,0.0,0.0,0.19,0.95,0.0,0.72,0.0,1.11,0.19,0.95,1.25,1.47,0.0,0.0,0.0,0.0,0.0,1.04,0.0,0.0,0.0,0.0,0.0,0.0,0.0,0.0,0.0,0.0,0.75,1.4,0.75,1.4,0.0,0.33,0.53,1.21,0.0,0.0,0.0,0.72,0.44,1.47,1.44,1.47,1.47,1.37,0.69,1.44,0.0,0.0,0.0,0.0,0.44,1.47,0.0,0.69,1.03,1.47,1.03,1.47,0.0,0.0,0.0,0.0,1.47,0.0,1.42,0.16,0.78,1.27,0.11,0.16,0.0,0.72,1.28,0.0,1.47,1.37,0.69,1.44,1.44,1.47,0.19,0.95,1.42,0.82,0.44,1.47,1.42,0.82,0.0,0.0,0.0,0.0,0.0,1.47,0.0,0.0,0.0,0.0,1.22,0.62,0.25,1.01,1.47,1.31,0.03,0.88,0.0,0.0,1.31,0.78,1.28,0.0,0.86,0.56,1.28,0.0,1.44,1.47,0.0,0.0,0.0,0.0,0.0,0.0,0.0,0.0,0.0,0.0,0.0,0.0,0.0,0.0,0.0,0.0,1.42,0.16,0.0,0.0,0.25,0.52,0.0,0.0,0.0,0.0,1.47,1.37,1.22,1.47,1.28,0.0,1.31,0.78,0.0,0.0,0.0,0.0,0.0,0.0,0.0,0.0,0.0,0.0,0.0,0.0,0.0,0.0,0.0,0.0,0.0,0.0,0.0,0.0,0.0,0.0,1.47,0.36,0.0,0.0,0.0,0.0,1.44,1.47,1.31,0.78,1.17,0.36,1.47,0.29,0.0,0.69,0.0,1.11,0.0,0.0,0.0,0.0,0.0,0.0,0.0,0.0,0.0,0.0,0.0,0.0,0.0,0.0,0.0,0.0,0.0,0.0,1.28,0.39,0.0,0.0,0.0,0.0,1.22,1.47,1.44,1.47,0.0,0.0,0.0,0.0,1.47,1.37,0.0,0.0,0.0,0.0,0.0,0.0,0.0,0.0,0.0,0.0,0.0,0.0,0.0,0.0,0.0,0.0,0.78,1.27,1.47,0.0,0.0,1.04,1.31,1.34,0.0,0.0,0.0,0.0,0.69,0.36,1.47,0.29,0.0,1.47,0.0,0.0,0.0,0.0,0.0,0.0,0.0,0.0,0.0,0.0,0.0,0.0,0.0,0.0,0.0,0.0,0.0,0.0,0.25,1.01,0.0,0.0,1.47,0.0,0.0,0.0
0.0,0.0,1.17,0.36,1.47,0.29,1.44,1.47,1.47,1.37,1.47,0.29,0.0,0.69,0.0,0.0,0.0,0.0,0.0,0.0,0.0,0.0,0.0,0.0,0.0,0.0,0.0,0.0,1.47,0.36,0.0,0.78,0.39,0.13,0.39,0.13,0.0,0.0,1.47,0.29,0.86,0.56,0.69,1.44,1.44,1.47,0.69,0.36,0.44,1.47,0.0,0.0,1.25,1.47,0.0,0.0,0.0,0.0,0.0,0.0,0.0,0.0,0.0,0.0,1.28,0.39,0.0,0.0,1.22,0.62,0.0,0.0,0.0,0.0,0.69,0.36,1.17,0.36,1.31,0.78,0.0,0.0,1.28,0.0,1.31,0.78,0.0,1.04,0.0,0.69,1.25,1.47,0.0,0.0,0.0,0.0,0.0,0.0,0.0,0.0,1.42,0.88,0.0,0.0,0.83,0.2,0.0,0.0,0.0,0.0,0.19,0.95,0.0,0.72,0.0,1.11,0.19,0.95,0.0,0.69,0.0,1.11,0.0,0.0,0.0,1.04,0.0,0.0,0.0,0.0,0.0,0.0,0.0,0.0,0.0,0.0,1.17,1.44,0.0,0.0,0.0,0.33,0.0,0.0,0.0,0.0,0.0,0.72,0.44,1.47,1.47,1.37,0.0,0.0,0.69,1.44,0.0,0.0,0.0,0.0,0.44,1.47,0.0,0.69,1.03,1.47,1.03,1.47,0.0,0.0,0.0,0.0,1.47,0.0,1.42,0.16,0.78,1.27,0.11,0.16,0.0,0.72,1.28,0.0,1.47,1.37,0.0,0.0,0.0,0.0,0.19,0.95,1.42,0.82,0.44,1.47,1.42,0.82,0.0,0.0,0.0,0.0,0.0,1.47,0.0,0.0,0.0,0.0,0.17,1.47,0.25,1.04,1.47,1.31,0.03,0.88,0.0,0.0,1.31,0.78,1.28,0.0,0.86,0.56,1.28,0.0,1.44,1.47,0.0,0.0,0.0,0.0,0.0,0.0,0.0,0.0,0.0,0.0,0.0,0.0,0.0,0.0,0.0,0.0,1.42,0.16,0.75,1.4,0.25,0.52,0.53,1.24,0.0,0.0,1.44,1.47,1.31,0.78,1.17,0.36,1.47,0.29,1.25,1.47,0.0,0.0,0.0,0.0,0.0,0.0,0.0,0.0,0.0,0.0,0.0,0.0,0.0,0.0,0.0,0.0,0.0,0.0,0.0,0.0,1.28,0.39,0.0,0.0,0.0,0.0,1.22,1.47,1.44,1.47,0.0,0.0,0.0,0.0,1.47,1.37,0.0,0.0,0.0,0.0,0.0,0.0,0.0,0.0,0.0,0.0,0.0,0.0,0.0,0.0,0.0,0.0,0.78,1.27,1.28,1.4,0.0,1.04,1.31,1.34,0.0,0.0,0.0,0.0,1.22,1.47,1.28,0.0,1.31,0.78,0.0,0.0,0.0,0.0,0.0,0.0,0.0,0.0,0.0,0.0,0.0,0.0,0.0,0.0,0.0,0.0,0.0,0.0,0.25,1.04,0.0,0.0,1.47,0.0,0.0,0.0,0.0,0.0,0.0,0.0,0.69,0.36,1.47,0.29,0.0,1.47,0.0,0.0,0.0,0.0,0.0,0.0,0.0,0.0,0.0,0.0,0.0,0.0,0.0,0.0,0.0,0.0,0.0,0.0,1.42,1.08,0.0,0.0,1.17,0.13,0.0,0.0,0.0,0.0,0.0,0.0,0.0,0.0,0.0,0.0,0.0,0.0,1.31,0.78,1.25,1.47,0.0,0.69,0.0,0.0,0.0,0.0,0.0,0.0,0.0,0.0,0.0,0.0,0.0,0.0,0.0,0.0,1.47,0.36,0.0,0.0,1.17,0.13
0.0,0.0,1.17,0.36,1.47,0.29,1.47,1.37,0.0,0.0,1.47,0.29,0.0,0.69,0.0,0.0,0.0,0.0,0.0,0.0,0.0,0.0,0.0,0.0,0.0,0.0,0.0,0.0,1.47,0.36,0.0,0.78,0.39,0.13,0.39,0.13,0.0,0.0,1.47,0.29,0.86,0.56,0.0,0.0,0.0,0.0,0.69,0.36,0.86,0.56,0.0,0.0,1.25,1.47,0.0,1.47,0.0,0.0,0.0,0.0,0.0,0.0,0.0,0.0,0.0,0.0,0.0,0.0,1.28,0.39,0.0,0.0,0.0,0.0,0.69,0.36,1.17,0.36,0.0,0.0,0.0,0.0,1.28,0.0,1.31,0.82,0.0,0.0,0.0,0.69,1.25,1.47,0.0,0.0,0.0,0.0,0.0,0.0,0.0,0.0,1.42,0.88,0.0,0.0,0.83,0.2,0.0,0.0,0.0,0.0,0.19,0.95,0.0,0.72,0.0,1.11,0.19,0.95,0.69,1.4,0.44,1.47,0.0,0.0,0.0,1.04,0.0,0.0,0.0,0.0,0.0,0.0,0.0,0.0,0.0,0.0,1.17,1.44,1.42,0.16,0.0,0.33,0.11,0.16,0.0,0.0,0.0,0.72,0.42,1.47,1.47,0.29,0.0,1.47,0.39,1.47,0.0,0.0,0.0,0.0,0.44,1.47,0.0,0.69,0.0,1.47,1.03,1.47,0.0,0.0,0.0,0.0,0.0,0.78,0.0,0.0,0.97,1.47,0.0,0.0,0.0,0.72,1.28,0.0,1.47,1.37,0.69,1.4,1.31,0.82,0.19,0.95,1.42,0.82,0.44,1.47,1.42,0.82,0.0,0.0,0.0,0.0,0.0,1.47,0.0,0.0,0.0,0.0,0.17,1.47,0.25,1.04,1.47,1.31,0.03,0.88,0.0,0.0,1.47,1.37,0.69,1.4,1.44,1.47,1.47,1.37,0.0,0.0,0.0,0.0,0.0,0.0,0.0,0.0,0.0,0.0,0.0,0.0,0.0,0.0,0.0,0.0,0.0,0.0,0.0,0.0,0.0,0.0,0.03,1.4,0.0,0.0,0.0,0.0,1.44,1.47,1.28,0.0,0.86,0.56,1.28,0.0,1.25,1.47,0.0,0.0,0.0,0.0,0.0,0.0,0.0,0.0,0.0,0.0,0.0,0.0,0.0,0.0,0.0,0.0,1.42,0.16,0.0,0.0,0.25,0.52,0.0,0.0,0.0,0.0,0.69,1.4,1.22,1.47,1.28,0.0,1.44,1.47,1.47,1.37,0.0,0.0,0.0,0.0,0.0,0.0,0.0,0.0,0.0,0.0,0.0,0.0,0.0,0.0,0.0,0.0,0.25,1.04,1.28,1.4,1.47,0.0,1.31,1.34,0.0,0.0,0.0,0.0,1.31,0.82,1.17,0.36,1.47,0.29,0.0,0.0,0.0,0.0,0.0,0.0,0.0,0.0,0.0,0.0,0.0,0.0,0.0,0.0,0.0,0.0,0.0,0.0,1.47,0.62,0.0,0.0,1.42,0.16,0.0,0.0
0.0,0.0,1.17,0.36,1.47,0.29,1.44,1.47,0.0,0.0,1.47,0.29,0.0,0.69,0.0,0.0,0.0,0.0,0.0,0.0,0.0,0.0,0.0,0.0,0.0,0.0,0.0,0.0,1.47,0.36,0.0,0.78,0.39,0.13,0.39,0.13,0.0,0.0,1.47,0.29,0.86,0.56,0.0,0.0,0.0,0.0,0.69,0.36,0.86,0.56,0.0,0.0,1.25,1.47,0.0,1.47,0.0,0.0,0.0,0.0,0.0,0.0,0.0,0.0,0.0,0.0,0.0,0.0,1.47,0.62,0.0,0.0,0.0,0.0,0.69,0.36,1.17,0.36,1.31,0.78,0.0,0.0,1.28,0.0,1.31,0.78,0.0,1.04,0.0,0.69,1.25,1.47,0.0,1.47,0.0,0.0,0.0,0.0,0.0,0.0,1.47,0.78,0.0,0.0,0.83,0.2,0.0,0.0,0.0,0.0,0.19,0.95,0.0,0.72,0.0,1.11,0.19,0.95,0.69,1.4,0.44,1.47,0.0,0.0,0.0,1.04,0.0,0.0,0.0,0.0,0.0,0.0,0.0,0.0,0.0,0.0,1.17,1.44,1.42,0.16,0.0,0.33,0.11,0.16,0.0,0.0,0.0,0.72,0.42,1.47,1.47,0.29,0.0,1.47,0.39,1.47,0.0,0.0,0.0,0.0,0.44,1.47,0.0,0.69,1.03,1.47,1.03,1.47,0.0,0.0,0.0,0.0,0.0,0.78,0.0,0.0,0.97,1.47,0.0,0.0,0.0,0.72,1.28,0.0,0.19,0.95,0.69,1.4,1.44,1.47,0.19,0.95,1.42,0.82,0.44,1.47,1.42,0.82,0.0,0.0,0.0,0.0,0.0,1.47,0.0,0.0,0.0,0.0,0.0,0.33,0.25,1.04,0.0,0.78,0.03,0.88,0.0,0.0,1.31,0.78,1.28,0.0,0.86,0.56,1.28,0.0,1.44,1.47,0.0,0.0,0.0,0.0,0.0,0.0,0.0,0.0,0.0,0.0,0.0,0.0,0.0,0.0,0.0,0.0,1.42,0.16,1.28,1.4,0.25,0.52,1.31,1.34,0.0,0.0,1.44,1.47,1.31,0.78,1.17,0.36,1.47,0.29,1.25,1.47,0.0,0.0,0.0,0.0,0.0,0.0,0.0,0.0,0.0,0.0,0.0,0.0,0.0,0.0,0.0,0.0,0.0,0.0,0.75,1.4,1.28,0.39,0.53,1.24,0.0,0.0,0.42,1.47,0.69,1.4,1.22,1.47,0.0,0.0,1.31,0.78,0.0,0.0,0.0,0.0,0.0,0.0,0.0,0.0,0.0,0.0,0.0,0.0,0.0,0.0,0.0,0.0,0.0,0.0,1.47,0.36,0.03,1.4,1.17,0.13,0.0,0.0,0.69,1.4,1.22,1.47,1.28,0.0,1.31,0.78,0.0,0.0,0.0,0.0,0.0,0.0,0.0,0.0,0.0,0.0,0.0,0.0,0.0,0.0,0.0,0.0,0.0,0.0,0.25,1.04,0.0,0.0,1.47,0.0,0.0,0.0,0.0,0.0,0.0,0.0,0.0,1.47,0.42,1.47,0.69,1.4,0.0,0.0,0.0,0.0,0.0,0.0,0.0,0.0,0.0,0.0,0.0,0.0,0.0,0.0,0.0,0.0,0.0,0.0,1.47,0.62,0.0,0.0,1.42,0.16,0.0,0.0
0.0,0.0,1.17,0.36,1.47,0.29,1.47,1.37,0.0,0.0,1.47,0.29,0.0,0.69,0.0,0.0,1.42,0.78,0.0,0.0,0.0,0.0,0.0,0.0,0.0,0.0,0.0,0.0,1.47,0.36,1.47,0.36,0.39,0.13,0.39,0.13,0.0,0.0,1.47,0.29,0.86,0.56,0.0,0.0,0.0,0.0,0.69,0.36,0.44,1.47,0.0,0.0,0.0,1.47,0.0,0.0,0.0,0.0,0.0,0.0,0.0,0.0,0.0,0.0,0.0,0.0,0.0,0.0,1.28,0.39,0.0,0.0,0.0,0.0,0.69,0.36,1.17,0.36,0.0,0.0,0.0,0.0,1.28,0.0,1.31,0.82,0.0,1.04,0.0,0.69,0.0,1.04,0.0,0.0,0.0,0.0,0.0,0.0,0.0,0.0,1.47,0.78,0.0,0.0,0.83,0.2,0.0,0.0,0.0,0.0,0.19,0.95,0.0,0.72,0.0,1.11,0.19,0.95,0.42,1.47,0.0,0.0,0.0,0.0,0.0,1.04,0.0,0.0,0.0,0.0,0.0,0.0,0.0,0.0,0.0,0.0,1.17,1.44,0.0,0.0,0.0,0.33,0.0,0.0,0.0,0.0,0.0,0.72,0.42,1.47,1.47,0.29,0.0,1.47,0.69,1.44,0.0,0.0,0.0,0.0,0.44,1.47,0.0,0.69,1.03,1.47,1.03,1.47,0.0,0.0,0.0,0.0,1.28,1.4,1.42,0.16,1.17,1.44,0.11,0.16,0.0,0.72,1.28,0.0,1.47,1.37,0.69,1.44,1.31,0.82,0.19,0.95,1.42,0.78,0.44,1.47,1.28,1.47,1.42,0.78,0.0,1.47,0.0,1.47,0.0,0.0,0.0,0.0,0.17,1.47,0.25,1.04,1.47,1.31,0.03,0.88,0.0,0.0,1.47,1.37,0.69,1.44,1.44,1.47,1.47,1.37,0.0,0.0,0.0,0.0,0.0,0.0,0.0,0.0,0.0,0.0,0.0,0.0,0.0,0.0,0.0,0.0,0.0,0.0,1.42,1.08,0.0,0.0,0.42,1.27,0.0,0.0,0.0,0.0,1.44,1.47,1.28,0.0,0.86,0.56,1.28,0.0,1.28,1.47,0.0,0.0,0.0,0.0,0.0,0.0,0.0,0.0,0.0,0.0,0.0,0.0,0.0,0.0,0.0,0.0,1.42,0.16,0.0,0.0,0.25,0.52,0.0,0.0,0.0,0.0,1.22,1.47,1.44,1.47,0.0,0.0,0.0,0.0,1.47,1.37,1.28,1.47,0.0,0.69,0.0,0.0,0.0,0.0,0.0,0.0,0.0,0.0,0.0,0.0,0.0,0.0,0.78,1.27,1.28,1.4,0.0,1.04,1.31,1.34,0.0,0.0,0.0,0.0,1.31,0.82,1.17,0.36,1.47,0.29,0.0,0.0,0.0,0.0,0.0,0.0,0.0,0.0,0.0,0.0,0.0,0.0,0.0,0.0,0.0,0.0,0.0,0.0,1.47,0.62,0.0,0.0,1.42,0.16,0.0,0.0,0.0,0.0,0.0,0.0,1.22,1.47,1.28,0.0,1.44,1.47,0.0,0.0,0.0,0.0,0.0,0.0,0.0,0.0,0.0,0.0,0.0,0.0,0.0,0.0,0.0,0.0,0.0,0.0,0.25,1.04,0.0,0.0,1.47,0.0,0.0,0.0
0.0,0.0,1.17,0.36,1.47,0.29,1.31,0.82,0.0,0.0,1.47,0.29,0.0,0.69,0.0,0.0,1.42,0.78,0.0,0.0,0.0,0.0,0.0,0.0,0.0,0.0,0.0,0.0,1.47,0.36,1.47,0.36,0.39,0.13,0.39,0.13,0.0,0.0,1.47,0.29,0.86,0.56,0.0,0.0,0.0,0.0,0.69,0.36,0.44,1.47,0.0,0.0,0.0,1.47,0.0,0.0,0.0,0.0,0.0,0.0,0.0,0.0,0.0,0.0,0.0,0.0,0.0,0.0,1.28,0.39,0.0,0.0,0.0,0.0,0.69,0.36,1.17,0.36,0.0,0.0,0.0,0.0,1.28,0.0,1.31,0.82,0.0,1.04,0.0,0.69,0.0,1.04,0.0,0.0,0.0,0.0,0.0,0.0,0.0,0.0,1.47,0.78,0.0,0.0,0.83,0.2,0.0,0.0,0.0,0.0,0.19,0.95,0.0,0.72,0.0,1.11,0.19,0.95,0.42,1.47,0.0,0.0,0.0,0.0,0.0,1.04,0.0,0.0,0.0,0.0,0.0,0.0,0.0,0.0,0.0,0.0,1.19,1.44,0.0,0.0,0.0,0.33,0.0,0.0,0.0,0.0,0.0,0.72,0.44,1.47,1.44,1.47,0.0,0.0,0.69,1.44,0.0,0.0,0.0,0.0,0.44,1.47,0.0,0.69,1.06,1.47,1.06,1.47,0.0,0.0,0.0,0.0,0.0,0.0,1.42,0.16,1.28,1.4,0.11,0.16,0.0,0.72,1.28,0.0,1.47,1.34,0.69,1.44,1.31,0.82,0.19,0.95,1.42,0.78,0.44,1.47,1.28,1.47,1.42,0.78,0.0,1.47,0.0,1.47,0.0,0.0,0.0,0.0,0.17,1.47,0.25,1.04,1.47,1.31,0.03,0.88,0.0,0.0,1.44,1.47,1.28,0.0,0.86,0.56,1.28,0.0,1.28,1.47,0.0,0.0,0.0,0.0,0.0,0.0,0.0,0.0,0.0,0.0,0.0,0.0,0.0,0.0,0.0,0.0,1.42,0.16,0.0,0.0,0.25,0.52,0.0,0.0,0.0,0.0,1.47,1.34,1.22,1.47,1.28,0.0,1.44,1.47,0.0,0.0,0.0,0.0,0.0,0.0,0.0,0.0,0.0,0.0,0.0,0.0,0.0,0.0,0.0,0.0,0.0,0.0,0.25,1.04,0.0,0.0,1.47,0.0,0.0,0.0,0.0,0.0,1.22,1.47,1.44,1.47,1.47,1.34,1.22,1.47,1.47,1.34,1.28,1.47,0.0,0.69,0.0,0.0,0.0,0.0,0.0,0.0,0.0,0.0,0.0,0.0,0.0,0.0,0.78,1.27,0.75,1.4,0.0,1.04,0.53,1.24,0.0,0.0,0.0,0.0,1.31,0.82,1.17,0.36,1.47,0.29,0.0,0.0,0.0,0.0,0.0,0.0,0.0,0.0,0.0,0.0,0.0,0.0,0.0,0.0,0.0,0.0,0.0,0.0,1.47,0.62,0.0,0.0,1.42,0.16,0.0,0.0
0.0,0.0,1.17,0.36,1.47,0.29,1.31,0.82,0.0,0.0,1.47,0.29,0.0,0.69,0.0,0.0,1.42,0.78,0.0,0.0,0.0,0.0,0.0,0.0,0.0,0.0,0.0,0.0,1.47,0.39,0.0,0.78,0.39,0.13,0.39,0.13,0.0,0.0,0.69,0.36,1.17,0.36,0.0,0.0,0.0,0.0,1.28,0.0,1.31,0.82,0.0,1.04,0.0,0.69,0.0,1.04,0.0,0.0,0.0,0.0,0.0,0.0,0.0,0.0,1.47,0.78,0.0,0.0,0.83,0.2,0.0,0.0,0.0,0.0,0.19,0.95,0.0,0.72,0.0,1.11,0.19,0.95,0.42,1.47,0.0,0.0,0.0,0.0,0.0,1.04,0.0,0.0,0.0,0.0,0.0,0.0,0.0,0.0,0.0,0.0,1.19,1.44,0.0,0.0,0.0,0.33,0.0,0.0,0.0,0.0,1.47,0.29,0.69,0.36,1.47,0.29,0.69,0.36,1.17,0.36,1.42,0.78,0.44,1.47,0.0,1.47,1.42,0.78,0.0,0.0,0.0,0.0,0.0,0.0,0.0,0.0,0.25,1.01,0.0,0.0,1.47,0.0,0.0,0.0,0.0,0.0,0.0,0.72,0.44,1.47,1.44,1.47,0.0,0.0,0.69,1.44,0.0,0.0,0.0,0.0,0.44,1.47,0.0,0.69,1.06,1.47,1.06,1.47,0.0,0.0,0.0,0.0,0.0,0.0,1.42,0.16,1.28,1.4,0.11,0.16,0.0,0.72,0.0,1.11,0.86,0.59,0.69,1.44,1.31,0.82,0.86,0.59,0.0,0.0,0.0,0.0,1.28,1.47,0.0,0.0,0.0,0.0,0.0,1.47,0.0,0.0,0.0,0.0,0.0,0.33,0.25,0.52,1.47,0.62,0.83,0.2,0.0,0.0,1.44,1.47,1.28,0.0,0.86,0.59,1.28,0.0,0.0,0.69,0.0,1.11,0.0,0.0,0.0,0.0,0.0,0.0,0.0,0.0,0.0,0.0,0.0,0.0,0.0,0.0,0.0,0.0,0.0,0.0,0.0,0.0,0.0,0.0,0.0,0.0,1.47,1.34,1.22,1.47,1.28,0.0,1.44,1.47,0.0,0.0,0.0,0.0,0.0,0.0,0.0,0.0,0.0,0.0,0.0,0.0,0.0,0.0,0.0,0.0,0.0,0.0,0.0,0.0,0.0,0.0,1.47,0.39,0.0,0.0,0.0,0.0,1.22,1.47,1.44,1.47,1.47,1.34,1.22,1.47,1.47,1.34,1.28,1.47,0.0,0.69,0.0,0.0,0.0,0.0,0.0,0.0,0.0,0.0,0.0,0.0,0.0,0.0,0.78,1.27,0.75,1.4,0.0,1.04,0.53,1.24,0.0,0.0,0.0,0.0,1.31,0.82,1.17,0.36,1.47,0.29,0.0,0.0,0.0,0.0,0.0,0.0,0.0,0.0,0.0,0.0,0.0,0.0,0.0,0.0,0.0,0.0,0.0,0.0,1.47,0.62,0.0,0.0,1.42,0.16,0.0,0.0
0.0,0.0,1.17,0.36,1.47,0.29,1.31,0.82,0.0,0.0,1.47,0.29,0.0,0.69,0.0,0.0,0.0,0.0,0.0,0.0,0.0,0.0,0.0,0.0,0.0,0.0,0.0,0.0,1.47,0.39,0.0,0.78,0.39,0.13,0.39,0.13,0.0,0.0,0.72,0.39,1.17,0.36,0.0,0.0,0.0,0.0,1.28,0.0,1.31,0.82,0.0,1.04,0.0,0.69,0.0,1.04,0.0,0.0,0.0,0.0,0.0,0.0,0.0,0.0,1.42,0.88,0.0,0.0,0.83,0.2,0.0,0.0,0.0,0.0,0.19,0.95,0.0,0.75,0.0,1.11,0.19,0.95,0.69,1.44,0.0,0.0,0.0,0.0,0.0,1.04,0.0,0.0,0.0,0.0,0.0,0.0,0.0,0.0,0.0,0.0,0.75,1.4,1.42,0.16,0.0,0.33,0.11,0.16,0.0,0.0,1.47,0.29,0.72,0.39,1.47,0.29,0.0,1.47,1.17,0.36,1.42,0.82,0.44,1.47,1.28,1.47,0.0,0.0,0.0,0.0,0.0,0.0,0.0,0.0,0.0,0.0,0.25,1.01,0.0,0.0,1.47,0.0,0.0,0.0,0.0,0.0,0.0,0.75,1.28,0.0,0.86,0.59,1.28,0.0,0.42,1.47,0.0,0.0,0.0,0.0,0.44,1.47,0.0,0.69,1.03,1.47,1.03,1.47,0.0,0.0,0.0,0.0,1.42,0.16,0.0,0.0,0.25,0.52,0.0,0.0,0.0,0.75,0.0,1.11,0.86,0.59,0.69,1.44,1.31,0.82,0.19,0.95,0.0,0.0,0.0,0.0,1.42,0.82,0.0,0.0,0.0,0.0,0.0,1.47,0.0,0.0,0.0,0.0,0.0,0.33,0.25,1.01,1.47,0.62,0.03,0.88,0.0,0.0,1.44,1.47,1.31,0.82,1.17,0.36,1.47,0.29,0.0,0.69,0.0,1.11,0.0,0.0,0.0,0.0,0.0,0.0,0.0,0.0,0.0,0.0,0.0,0.0,0.0,0.0,1.47,0.62,0.0,0.0,1.42,0.16,0.0,0.0,0.0,0.0,1.22,1.47,1.44,1.47,1.47,1.34,1.22,1.47,1.28,1.47,0.0,0.0,0.0,0.0,0.0,0.0,0.0,0.0,0.0,0.0,0.0,0.0,0.0,0.0,0.0,0.0,0.78,1.27,0.0,0.0,0.0,1.04,0.0,0.0,0.0,0.0,0.69,1.44,0.0,0.0,0.0,0.0,0.0,0.0,1.47,1.34,1.28,1.47,0.0,0.69,0.0,0.0,0.0,0.0,0.0,0.0,0.0,0.0,0.0,0.0,0.0,0.0,0.0,0.0,1.28,1.4,0.0,0.0,1.31,1.34,0.0,0.0,0.0,0.0,0.0,0.0,0.0,0.0,0.0,0.0,0.72,0.39,0.44,1.47,0.0,1.47,0.0,0.0,0.0,0.0,0.0,0.0,0.0,0.0,0.0,0.0,0.0,0.0,0.0,0.0,0.25,0.52,0.0,0.0,0.83,0.2
0.0,0.0,1.17,0.36,1.47,0.29,1.31,0.82,0.0,0.0,1.47,0.29,0.0,0.69,0.0,0.0,0.0,0.0,0.0,0.0,0.0,0.0,0.0,0.0,0.0,0.0,0.0,0.0,1.47,0.39,0.0,1.04,0.42,0.13,0.42,0.13,0.0,0.0,0.72,0.39,1.17,0.36,0.0,0.0,0.0,0.0,1.28,0.0,1.31,0.82,0.0,1.04,0.0,0.69,0.0,1.04,0.0,0.0,0.0,0.0,0.0,0.0,0.0,0.0,1.47,0.78,0.0,0.0,0.83,0.2,0.0,0.0,0.0,0.0,0.19,0.95,0.0,0.72,0.0,1.11,0.19,0.95,0.42,1.47,0.0,0.0,0.0,0.0,0.0,1.04,0.0,0.0,0.0,0.0,0.0,0.0,0.0,0.0,0.0,0.0,0.75,1.4,0.0,0.0,0.0,0.33,0.0,0.0,0.0,0.0,1.47,0.29,0.72,0.39,1.47,0.29,0.72,0.39,1.17,0.36,1.42,0.82,0.44,1.47,1.28,1.47,1.42,0.82,0.0,1.47,0.0,0.0,0.0,0.0,0.0,0.0,0.25,1.01,0.0,0.0,1.47,0.0,0.0,0.0,0.0,0.0,0.0,0.72,0.44,1.47,1.44,1.47,0.0,0.0,0.69,1.44,0.0,0.0,0.0,0.0,0.44,1.47,0.0,0.69,1.03,1.47,1.03,1.47,0.0,0.0,0.0,0.0,1.47,0.0,1.42,0.16,0.78,1.27,0.11,0.16,0.0,0.72,0.0,1.11,0.86,0.59,0.69,1.44,1.31,0.82,0.19,0.95,0.0,0.0,0.0,0.0,1.42,0.82,0.0,0.0,0.0,0.0,0.0,1.47,0.0,0.0,0.0,0.0,0.0,0.33,0.25,1.01,1.47,0.62,0.03,0.88,0.0,0.0,1.31,0.82,1.28,0.0,0.86,0.59,1.28,0.0,1.44,1.47,0.0,0.0,0.0,0.0,0.0,0.0,0.0,0.0,0.0,0.0,0.0,0.0,0.0,0.0,0.0,0.0,1.42,0.16,0.0,0.0,0.25,0.52,0.0,0.0,0.0,0.0,1.44,1.47,1.31,0.82,1.17,0.36,1.47,0.29,0.0,0.69,0.0,1.11,0.0,0.0,0.0,0.0,0.0,0.0,0.0,0.0,0.0,0.0,0.0,0.0,0.0,0.0,1.47,0.62,0.0,0.0,1.42,0.16,0.0,0.0,0.0,0.0,1.22,1.47,1.44,1.47,1.47,1.34,1.22,1.47,1.28,1.47,0.0,0.0,0.0,0.0,0.0,0.0,0.0,0.0,0.0,0.0,0.0,0.0,0.0,0.0,0.0,0.0,0.78,1.27,0.0,0.0,0.0,1.04,0.0,0.0,0.0,0.0,0.69,1.44,0.0,0.0,0.0,0.0,0.0,0.0,1.47,1.34,1.28,1.47,0.0,0.69,0.0,0.0,0.0,0.0,0.0,0.0,0.0,0.0,0.0,0.0,0.0,0.0,0.0,0.0,0.75,1.4,0.0,0.0,0.53,1.21
0.0,0.0,1.17,0.36,1.47,0.29,1.31,0.82,0.0,0.0,1.47,0.29,0.0,0.69,0.0,0.0,0.0,0.0,0.0,0.0,0.0,0.0,0.0,0.0,0.0,0.0,0.0,0.0,1.47,0.39,0.0,0.78,0.39,0.13,0.39,0.13,0.0,0.0,0.72,0.39,1.17,0.36,0.0,0.0,0.0,0.0,1.28,0.0,1.31,0.82,0.0,1.04,0.0,0.69,0.0,1.04,0.0,0.0,0.0,0.0,0.0,0.0,0.0,0.0,1.47,0.82,0.0,0.0,0.83,0.2,0.0,0.0,0.0,0.0,0.19,0.95,0.0,0.72,0.0,1.11,0.19,0.95,0.0,1.47,0.0,0.0,0.0,0.0,0.0,1.04,0.0,0.0,0.0,0.0,0.0,0.0,0.0,0.0,0.0,0.0,0.19,1.47,0.0,0.0,0.0,0.33,0.0,0.0,0.0,0.0,1.47,0.29,0.72,0.39,1.47,0.29,0.72,0.39,1.17,0.36,1.42,0.82,0.44,1.47,1.28,1.47,1.42,0.82,0.0,1.47,0.0,0.0,0.0,0.0,0.0,0.0,1.42,1.11,0.0,0.0,1.17,0.13,0.0,0.0,0.0,0.0,0.0,0.72,0.44,1.47,1.44,1.47,1.47,1.37,0.69,1.44,0.0,0.0,0.0,0.0,0.44,1.47,0.0,0.69,1.03,1.47,1.03,1.47,0.0,0.0,0.0,0.0,1.47,0.0,1.42,0.16,0.78,1.27,0.11,0.16,0.0,0.72,0.0,1.11,0.86,0.59,0.69,1.44,1.31,0.82,0.19,0.95,0.0,0.0,0.0,0.0,1.42,0.82,0.0,0.0,0.0,0.0,0.0,1.47,0.0,0.0,0.0,0.0,0.0,0.33,0.25,1.04,1.47,0.62,0.03,0.88,0.0,0.0,1.47,1.37,0.69,1.44,1.47,1.37,0.0,0.0,0.0,0.0,0.0,0.0,0.0,0.0,0.0,0.0,0.0,0.0,0.0,0.0,0.0,0.0,0.0,0.0,0.0,0.0,0.75,1.4,0.0,0.0,0.42,1.27,0.0,0.0,0.0,0.0,1.31,0.82,1.28,0.0,0.86,0.59,1.28,0.0,1.44,1.47,0.0,0.0,0.0,0.0,0.0,0.0,0.0,0.0,0.0,0.0,0.0,0.0,0.0,0.0,0.0,0.0,1.42,0.16,0.0,0.0,0.25,0.52,0.0,0.0,0.0,0.0,1.44,1.47,1.31,0.82,1.17,0.36,1.47,0.29,1.28,1.47,0.0,0.0,0.0,0.0,0.0,0.0,0.0,0.0,0.0,0.0,0.0,0.0,0.0,0.0,0.0,0.0,1.47,0.62,0.75,1.4,1.42,0.16,0.53,1.21,0.0,0.0,1.22,1.47,1.44,1.47,0.0,0.0,0.0,0.0,1.47,1.37,1.28,1.47,0.0,0.69,0.0,0.0,0.0,0.0,0.0,0.0,0.0,0.0,0.0,0.0,0.0,0.0,0.78,1.27,1.28,1.4,0.0,1.04,1.31,1.34,0.0,0.0,0.0,0.0,1.22,1.47,1.28,0.0,1.44,1.47,0.0,0.0,0.0,0.0,0.0,0.0,0.0,0.0,0.0,0.0,0.0,0.0,0.0,0.0,0.0,0.0,0.0,0.0,0.25,1.04,0.0,0.0,1.47,0.0,0.0,0.0,0.0,0.0,0.0,0.0,0.0,0.0,0.0,0.0,0.0,0.0,0.72,0.39,0.44,1.47,0.0,1.47,0.0,0.0,0.0,0.0,0.0,0.0,0.0,0.0,0.0,0.0,0.0,0.0,0.0,0.0,0.25,0.52,0.0,0.0,0.83,0.2
0.0,0.0,1.17,0.36,1.47,0.29,1.31,0.82,0.0,0.0,1.47,0.29,0.0,0.69,0.0,0.0,0.0,0.0,0.0,0.0,0.0,0.0,0.0,0.0,0.0,0.0,0.0,0.0,1.47,0.39,0.0,0.78,0.39,0.13,0.39,0.13,0.0,0.0,0.72,0.39,1.17,0.36,0.0,0.0,0.0,0.0,1.28,0.0,1.31,0.82,0.0,1.04,0.0,0.69,1.25,1.47,0.0,0.0,0.0,0.0,0.0,0.0,0.0,0.0,1.42,0.88,0.0,0.0,0.83,0.2,0.0,0.0,0.0,0.0,0.19,0.95,0.0,0.72,0.0,1.11,0.19,0.95,1.25,1.47,0.0,0.0,0.0,0.0,0.0,1.04,0.0,0.0,0.0,0.0,0.0,0.0,0.0,0.0,0.0,0.0,0.19,1.47,0.75,1.4,0.0,0.33,0.53,1.21,0.0,0.0,1.47,0.29,0.72,0.39,1.47,0.29,0.72,0.39,1.17,0.36,1.42,0.82,0.44,1.47,1.25,1.47,0.0,0.0,0.0,0.0,0.0,0.0,0.0,0.0,0.0,0.0,0.75,1.4,0.0,0.0,1.17,0.13,0.0,0.0,0.0,0.0,0.0,0.72,0.44,1.47,1.44,1.47,1.47,1.37,0.69,1.44,0.0,0.0,0.0,0.0,0.44,1.47,0.0,0.69,1.03,1.47,1.03,1.47,0.0,0.0,0.0,0.0,0.03,1.4,1.42,0.16,1.28,1.4,0.11,0.16,0.0,0.72,0.0,1.11,0.86,0.59,0.69,1.44,1.31,0.82,0.19,0.95,1.25,1.47,0.0,0.69,1.42,0.82,0.0,0.0,0.0,0.0,0.0,1.47,0.0,0.0,0.0,0.0,0.0,0.33,0.25,1.04,1.47,0.62,0.03,0.88,0.0,0.0,1.47,1.37,0.69,1.44,1.47,1.37,0.0,0.0,0.0,0.0,0.0,0.0,0.0,0.0,0.0,0.0,0.0,0.0,0.0,0.0,0.0,0.0,0.0,0.0,0.0,0.0,0.78,1.27,0.0,0.0,0.0,1.04,0.0,0.0,0.0,0.0,1.44,1.47,1.28,0.0,0.86,0.59,1.28,0.0,0.0,0.0,0.0,0.0,0.0,0.0,0.0,0.0,0.0,0.0,0.0,0.0,0.0,0.0,0.0,0.0,0.0,0.0,1.42,0.16,0.0,0.0,0.25,0.52,0.0,0.0,0.0,0.0,1.22,1.47,1.44,1.47,0.0,0.0,0.0,0.0,1.47,1.37,0.0,0.0,0.0,0.0,0.0,0.0,0.0,0.0,0.0,0.0,0.0,0.0,0.0,0.0,0.0,0.0,0.22,0.85,0.78,1.27,0.25,1.01,1.31,1.34,0.0,0.0,0.0,0.0,1.31,0.82,1.17,0.36,1.47,0.29,0.0,0.0,0.0,0.0,0.0,0.0,0.0,0.0,0.0,0.0,0.0,0.0,0.0,0.0,0.0,0.0,0.0,0.0,1.47,0.62,0.0,0.0,1.42,0.16,0.0,0.0,0.0,0.0,0.0,0.0,1.22,1.47,1.28,0.0,1.44,1.47,0.0,0.0,0.0,0.0,0.0,0.0,0.0,0.0,0.0,0.0,0.0,0.0,0.0,0.0,0.0,0.0,0.0,0.0,0.25,1.04,0.0,0.0,1.47,0.0,0.0,0.0,0.0,0.0,0.0,0.0,0.0,0.0,0.0,0.0,0.0,0.0,0.72,0.39,0.44,1.47,0.0,1.47,0.0,0.0,0.0,0.0,0.0,0.0,0.0,0.0,0.0,0.0,0.0,0.0,0.0,0.0,0.25,0.52,0.0,0.0,0.83,0.2
0.0,0.0,1.17,0.36,1.47,0.29,1.31,0.82,0.0,0.0,1.47,0.29,0.0,0.69,0.0,0.0,0.0,0.0,0.0,0.0,0.0,0.0,0.0,0.0,0.0,0.0,0.0,0.0,1.47,0.39,0.0,0.78,0.39,0.13,0.39,0.13,0.0,0.0,0.72,0.39,1.17,0.36,0.0,0.0,0.0,0.0,1.28,0.0,1.31,0.82,0.0,0.0,0.0,0.69,1.25,1.47,0.0,0.0,0.0,0.0,0.0,0.0,0.0,0.0,1.42,0.88,0.0,0.0,0.83,0.2,0.0,0.0,0.0,0.0,0.19,0.95,0.0,0.72,0.0,1.11,0.19,0.95,1.25,1.47,0.0,0.0,0.0,0.0,0.0,1.04,0.0,0.0,0.0,0.0,0.0,0.0,0.0,0.0,0.0,0.0,0.19,1.47,0.75,1.4,0.0,0.33,0.53,1.21,0.0,0.0,1.47,0.29,0.72,0.39,1.47,0.29,0.72,0.39,1.17,0.36,1.42,0.82,0.44,1.47,1.25,1.47,0.0,0.0,0.0,0.0,0.0,0.0,0.0,0.0,0.0,0.0,0.75,1.4,0.0,0.0,1.17,0.13,0.0,0.0,0.0,0.0,0.0,0.72,0.44,1.47,1.44,1.47,0.0,0.0,0.69,1.44,0.0,0.0,0.0,0.0,0.44,1.47,0.0,0.69,1.03,1.47,1.03,1.47,0.0,0.0,0.0,0.0,1.47,0.0,1.42,0.16,0.78,1.27,0.11,0.16,0.0,0.72,0.0,1.11,0.86,0.59,0.69,1.44,1.31,0.82,0.19,0.95,0.0,0.0,0.0,0.0,1.42,0.82,0.0,0.0,0.0,0.0,0.0,1.47,0.0,0.0,0.0,0.0,0.0,0.33,0.25,1.01,1.47,0.62,0.03,0.88,0.0,0.0,1.44,1.47,1.28,0.0,0.86,0.59,1.28,0.0,0.0,0.0,0.0,0.0,0.0,0.0,0.0,0.0,0.0,0.0,0.0,0.0,0.0,0.0,0.0,0.0,0.0,0.0,1.42,0.16,0.0,0.0,0.25,0.52,0.0,0.0,0.0,0.0,0.0,0.0,1.22,1.47,1.28,0.0,1.44,1.47,0.0,0.0,0.0,0.0,0.0,0.0,0.0,0.0,0.0,0.0,0.0,0.0,0.0,0.0,0.0,0.0,0.0,0.0,0.25,1.01,0.0,0.0,1.47,0.0,0.0,0.0,0.0,0.0,0.0,0.0,0.0,0.0,0.0,0.0,0.0,0.0,1.31,0.82,1.25,1.47,0.0,1.04,0.0,0.0,0.0,0.0,0.0,0.0,0.0,0.0,0.0,0.0,0.0,0.0,0.0,0.0,1.47,0.39,0.0,0.0,1.17,0.13
0.0,0.0,1.19,0.39,1.47,0.29,1.31,0.82,0.0,0.0,1.47,0.29,0.0,0.69,0.0,0.0,0.0,0.0,0.0,0.0,0.0,0.0,0.0,0.0,0.0,0.0,0.0,0.0,1.47,0.39,0.0,0.78,0.39,0.13,0.39,0.13,0.0,0.0,0.72,0.39,1.19,0.39,0.69,1.44,1.31,0.82,1.28,0.0,1.31,0.82,0.0,0.0,0.0,0.69,1.25,1.47,0.0,0.0,0.0,0.0,0.0,0.0,0.0,0.0,1.47,0.78,0.0,0.0,0.83,0.2,0.0,0.0,0.0,0.0,0.19,0.95,0.0,0.72,0.0,1.11,0.19,0.95,1.25,1.47,0.0,0.0,0.0,0.0,0.0,1.04,0.0,0.0,0.0,0.0,0.0,0.0,0.0,0.0,0.0,0.0,0.19,1.47,0.0,0.0,0.0,0.33,0.0,0.0,0.0,0.0,1.47,0.29,0.72,0.39,0.42,1.47,0.69,1.44,0.0,0.69,0.0,1.11,0.0,0.69,1.25,1.47,0.0,1.47,0.0,0.0,0.0,0.0,0.0,0.0,0.0,0.0,0.0,0.0,0.0,0.0,1.17,0.13,0.0,0.0,0.0,0.0,0.0,0.72,0.42,1.47,1.47,0.29,0.72,0.39,0.69,1.44,0.0,0.0,0.0,0.0,0.44,1.47,0.0,0.69,1.03,1.47,1.03,1.47,0.0,0.0,0.0,0.0,0.03,1.4,1.42,0.16,1.28,1.4,0.11,0.16,0.0,0.72,0.0,1.11,0.86,0.59,0.0,0.0,0.0,0.0,0.19,0.95,1.25,1.47,0.0,1.04,1.42,0.82,0.0,0.0,0.0,0.0,0.0,1.47,0.0,0.0,0.0,0.0,0.0,0.33,0.25,1.04,1.47,0.62,0.03,0.88,0.0,0.0,1.31,0.82,0.69,1.44,1.44,1.47,1.47,0.29,1.44,1.47,0.0,0.0,0.0,0.0,0.0,0.0,0.0,0.0,0.0,0.0,0.0,0.0,0.0,0.0,0.0,0.0,1.47,0.62,1.28,1.4,1.42,0.16,1.31,1.34,0.0,0.0,0.0,0.0,1.22,1.47,1.28,0.0,1.44,1.47,0.0,0.0,0.0,0.0,0.0,0.0,0.0,0.0,0.0,0.0,0.0,0.0,0.0,0.0,0.0,0.0,0.0,0.0,0.25,1.04,0.0,0.0,1.47,0.0,0.0,0.0
0.0,0.0,1.19,0.39,1.47,0.29,1.44,1.47,0.0,0.0,1.47,0.29,0.0,0.69,0.0,0.0,0.0,0.0,0.0,0.0,0.0,0.0,0.0,0.0,0.0,0.0,0.0,0.0,1.47,0.39,0.0,1.08,0.39,0.13,0.39,0.13,0.0,0.0,0.72,0.39,1.19,0.39,1.31,0.82,0.0,0.0,1.28,0.0,1.31,0.82,0.0,1.04,0.0,0.69,0.0,1.04,0.0,0.0,0.0,0.0,0.0,0.0,0.0,0.0,1.47,0.82,0.0,0.0,0.83,0.2,0.0,0.0,0.0,0.0,0.0,0.72,0.44,1.47,0.0,0.0,0.0,0.0,0.42,1.47,0.0,0.0,0.0,0.0,0.44,1.47,0.0,0.69,1.03,1.47,1.03,1.47,0.0,0.0,0.0,0.0,0.75,1.4,0.0,0.0,0.78,1.27,0.0,0.0,0.0,0.0,0.19,0.98,0.0,0.72,0.0,1.11,0.19,0.98,0.69,1.44,0.0,0.0,0.0,0.0,0.0,1.04,0.0,0.0,0.0,0.0,0.0,0.0,0.0,0.0,0.0,0.0,0.0,1.08,1.42,0.16,0.0,0.33,0.11,0.16,0.0,0.0,1.47,0.29,0.72,0.39,1.47,0.29,0.72,0.39,0.0,0.69,0.0,1.04,0.0,0.0,1.28,1.47,1.42,0.82,0.0,0.0,0.0,0.0,0.0,0.0,0.0,0.0,0.25,1.04,0.0,0.0,1.47,0.0,0.0,0.0,0.0,0.72,1.28,0.0,0.86,0.59,0.69,1.44,1.31,0.82,0.86,0.59,0.0,0.0,0.0,0.0,1.42,0.82,0.0,0.0,0.0,0.0,0.0,1.47,0.0,0.0,0.0,0.0,0.0,0.33,0.97,1.47,1.47,0.62,0.0,0.0,0.0,0.0,0.0,1.11,1.44,1.47,1.28,0.0,1.44,1.47,0.19,0.98,0.0,0.0,0.0,0.0,0.0,0.0,0.0,0.0,0.0,0.0,0.0,0.0,0.0,0.0,0.0,0.0,0.78,1.27,0.25,1.04,0.0,1.08,0.03,0.88,0.0,0.0,0.0,0.0,1.31,0.82,1.19,0.39,1.47,0.29,0.0,0.0,0.0,0.0,0.0,0.0,0.0,0.0,0.0,0.0,0.0,0.0,0.0,0.0,0.0,0.0,0.0,0.0,1.47,0.0,0.0,0.0,1.25,0.36,0.0,0.0
0.0,0.0,1.19,0.39,1.47,0.29,1.44,1.47,0.0,0.0,1.47,0.29,0.0,0.69,0.0,0.0,0.0,0.0,0.0,0.0,0.0,0.0,0.0,0.0,0.0,0.0,0.0,0.0,1.47,0.39,0.0,1.08,0.39,0.13,0.39,0.13,0.0,0.0,0.72,0.39,1.19,0.39,1.31,0.82,0.0,0.0,1.28,0.0,1.31,0.82,0.0,1.04,0.0,0.69,0.0,1.04,0.0,0.0,0.0,0.0,0.0,0.0,0.0,0.0,1.47,0.82,0.0,0.0,0.83,0.2,0.0,0.0,0.0,0.0,0.0,0.72,0.44,1.47,0.69,1.44,1.31,0.82,0.69,1.44,0.0,0.0,0.0,0.0,0.44,1.47,0.0,0.69,1.06,1.47,1.06,1.47,0.0,0.0,0.0,0.0,0.75,1.4,1.42,0.16,0.78,1.27,0.11,0.16,0.0,0.0,1.47,0.29,0.72,0.39,1.47,0.29,0.72,0.39,0.0,0.69,0.0,1.04,0.0,0.0,1.28,1.47,1.42,0.82,0.0,0.0,0.0,0.0,0.0,0.0,0.0,0.0,0.25,1.04,0.0,0.0,1.47,0.0,0.0,0.0,0.0,0.0,0.17,0.95,0.0,0.72,0.0,1.11,0.17,0.95,0.0,1.47,0.0,0.0,0.0,0.0,0.0,1.04,0.0,0.0,0.0,0.0,0.0,0.0,0.0,0.0,0.0,0.0,0.0,1.08,0.0,0.0,0.0,0.33,0.0,0.0,0.0,0.72,0.0,1.11,0.86,0.59,1.28,0.0,1.44,1.47,0.86,0.59,0.0,0.0,0.0,0.0,1.42,0.82,0.0,0.0,0.0,0.0,0.0,1.47,0.0,0.0,0.0,0.0,0.0,0.33,0.97,1.47,1.47,0.65,0.0,0.0,0.0,0.0,1.44,1.47,1.28,0.0,0.86,0.59,1.28,0.0,1.28,1.47,0.0,0.0,0.0,0.0,0.0,0.0,0.0,0.0,0.0,0.0,0.0,0.0,0.0,0.0,0.0,0.0,1.42,0.16,0.0,0.0,0.25,0.52,0.0,0.0,0.0,0.0,0.0,0.0,1.31,0.82,1.19,0.39,1.47,0.29,0.0,0.0,0.0,0.0,0.0,0.0,0.0,0.0,0.0,0.0,0.0,0.0,0.0,0.0,0.0,0.0,0.0,0.0,1.47,0.0,0.0,0.0,1.25,0.36,0.0,0.0
0.0,0.0,1.19,0.39,1.47,0.29,0.0,0.0,0.0,0.0,1.47,0.29,0.0,0.69,0.0,0.0,0.0,0.0,0.0,0.0,0.0,0.0,0.0,0.0,0.0,0.0,0.0,0.0,1.47,0.39,0.0,1.08,0.39,0.13,0.39,0.13,0.0,0.0,0.72,0.39,1.19,0.39,1.31,0.82,0.0,0.0,1.28,0.0,1.28,0.82,0.0,0.0,0.0,0.69,0.0,1.04,0.0,0.0,0.0,0.0,0.0,0.0,0.0,0.0,1.47,0.82,0.0,0.0,0.83,0.2,0.0,0.0,0.0,0.0,0.0,0.72,0.44,1.47,0.69,1.44,1.31,0.82,0.69,1.44,0.0,0.0,0.0,0.0,0.44,1.47,0.0,0.69,1.03,1.47,1.03,1.47,0.0,0.0,0.0,0.0,0.75,1.4,1.42,0.16,0.78,1.27,0.11,0.16,0.0,0.0,1.47,0.29,0.72,0.39,1.47,0.29,0.0,1.47,0.0,0.69,0.0,1.04,0.0,0.0,1.28,1.47,1.42,0.82,0.0,0.0,0.0,0.0,0.0,0.0,0.0,0.0,0.25,1.04,0.0,0.0,1.47,0.0,0.0,0.0,0.0,0.0,0.69,1.44,0.0,0.72,0.0,1.11,0.86,0.59,0.42,1.47,0.0,0.0,0.0,0.0,0.0,0.0,0.0,0.0,0.0,0.0,0.0,0.0,0.0,0.0,0.0,0.0,0.0,1.08,0.0,0.0,0.0,0.33,0.0,0.0,0.0,0.72,0.0,1.11,0.86,0.59,1.28,0.0,1.44,1.47,0.86,0.59,0.0,0.0,0.0,0.0,1.42,0.82,0.0,0.0,0.0,0.0,0.0,1.47,0.0,0.0,0.0,0.0,0.0,0.33,0.97,1.47,1.47,0.65,0.0,0.0,0.0,0.0,1.44,1.47,1.28,0.0,0.86,0.59,1.28,0.0,1.28,1.47,0.0,0.0,0.0,0.0,0.0,0.0,0.0,0.0,0.0,0.0,0.0,0.0,0.0,0.0,0.0,0.0,0.0,0.0,0.0,0.0,0.0,0.0,0.0,0.0,0.0,0.0,0.17,0.95,0.69,1.44,0.0,0.0,0.0,0.0,0.0,1.47,0.0,0.0,0.0,0.0,0.0,1.04,0.0,0.0,0.0,0.0,0.0,0.0,0.0,0.0,0.0,0.0,0.0,0.0,0.0,0.0,0.0,1.08,0.0,0.0,0.0,0.0,0.0,0.0,1.31,0.82,1.19,0.39,1.47,0.29,0.0,0.0,0.0,0.0,0.0,0.0,0.0,0.0,0.0,0.0,0.0,0.0,0.0,0.0,0.0,0.0,0.0,0.0,1.47,0.0,0.0,0.0,1.25,0.36,0.0,0.0
0.0,0.0,1.19,0.39,1.47,0.29,1.44,1.47,0.0,0.0,1.47,0.29,0.0,0.69,0.0,0.0,0.0,0.0,0.0,0.0,0.0,0.0,0.0,0.0,0.0,0.0,0.0,0.0,1.47,0.39,1.47,0.39,0.39,0.13,0.39,0.13,0.0,0.0,0.72,0.39,1.19,0.39,1.31,0.82,0.0,0.0,1.28,0.0,1.31,0.82,0.0,1.04,0.0,0.69,0.0,1.04,0.0,0.0,0.0,0.0,0.0,0.0,0.0,0.0,1.47,0.82,0.0,0.0,0.83,0.2,0.0,0.0,0.0,0.0,0.0,0.72,0.44,1.47,0.0,0.0,0.0,0.0,0.69,1.44,0.0,0.0,0.0,0.0,0.44,1.47,0.0,0.69,1.06,1.47,1.06,1.47,0.0,0.0,0.0,0.0,0.44,1.27,1.42,0.16,0.75,1.4,0.11,0.16,0.0,0.0,1.47,0.29,0.72,0.39,1.47,0.29,0.0,1.47,0.0,0.69,0.0,1.04,0.0,0.0,1.28,1.47,1.42,0.82,0.0,0.0,0.0,0.0,0.0,0.0,0.0,0.0,0.25,1.04,0.0,0.0,1.47,0.0,0.0,0.0,0.0,0.0,0.69,1.44,0.0,0.72,0.0,1.11,0.86,0.59,0.42,1.47,0.0,0.0,0.0,0.0,0.0,0.0,0.0,0.0,0.0,0.0,0.0,0.0,0.0,0.0,0.0,0.0,0.0,1.08,0.0,0.0,0.0,0.33,0.0,0.0,0.0,0.72,0.0,1.11,0.86,0.59,0.69,1.44,1.31,0.82,0.17,0.95,0.0,0.0,0.0,0.0,1.42,0.82,0.0,0.0,0.0,0.0,0.0,1.47,0.0,0.0,0.0,0.0,0.0,0.33,0.25,1.04,1.47,0.65,0.03,0.88,0.0,0.0,1.44,1.47,1.28,0.0,0.86,0.59,1.28,0.0,1.28,1.47,0.0,0.0,0.0,0.0,0.0,0.0,0.0,0.0,0.0,0.0,0.0,0.0,0.0,0.0,0.0,0.0,1.42,0.16,0.0,0.0,0.25,0.52,0.0,0.0,0.0,0.0,0.17,0.95,0.69,1.44,0.0,0.0,0.0,0.0,0.0,1.47,0.0,0.0,0.0,0.0,0.0,1.04,0.0,0.0,0.0,0.0,0.0,0.0,0.0,0.0,0.0,0.0,1.47,1.31,0.0,0.0,0.0,1.08,0.0,0.0,0.0,0.0,0.0,0.0,1.31,0.82,1.19,0.39,1.47,0.29,0.0,0.0,0.0,0.0,0.0,0.0,0.0,0.0,0.0,0.0,0.0,0.0,0.0,0.0,0.0,0.0,0.0,0.0,1.47,0.0,0.0,0.0,1.25,0.36,0.0,0.0
